0.016667,-14.819
0.033333,-14.799
0.05,-14.779
0.066667,-14.76
0.083333,-14.74
0.1,-14.721
0.11667,-14.702
0.13333,-14.682
0.15,-14.663
0.16667,-14.644
0.18333,-14.624
0.2,-14.605
0.21667,-14.586
0.23333,-14.567
0.25,-14.548
0.26667,-14.529
0.28333,-14.51
0.3,-14.491
0.31667,-14.473
0.33333,-14.454
0.35,-14.435
0.36667,-14.417
0.38333,-14.398
0.4,-14.379
0.41667,-14.361
0.43333,-14.342
0.45,-14.324
0.46667,-14.306
0.48333,-14.287
0.5,-14.269
0.51667,-14.251
0.53333,-14.233
0.55,-14.214
0.56667,-14.196
0.58333,-14.178
0.6,-14.16
0.61667,-14.142
0.63333,-14.125
0.65,-14.107
0.66667,-14.089
0.68333,-14.071
0.7,-14.053
0.71667,-14.036
0.73333,-14.018
0.75,-14.001
0.76667,-13.983
0.78333,-13.966
0.8,-13.948
0.81667,-13.931
0.83333,-13.914
0.85,-13.896
0.86667,-13.879
0.88333,-13.862
0.9,-13.845
0.91667,-13.828
0.93333,-13.811
0.95,-13.794
0.96667,-13.777
0.98333,-13.76
1,-13.743
1.0167,-13.726
1.0333,-13.709
1.05,-13.693
1.0667,-13.676
1.0833,-13.659
1.1,-13.643
1.1167,-13.626
1.1333,-13.61
1.15,-13.593
1.1667,-13.577
1.1833,-13.561
1.2,-13.544
1.2167,-13.528
1.2333,-13.512
1.25,-13.496
1.2667,-13.479
1.2833,-13.463
1.3,-13.447
1.3167,-13.431
1.3333,-13.415
1.35,-13.399
1.3667,-13.383
1.3833,-13.367
1.4,-13.351
1.4167,-13.334
1.4333,-13.318
1.45,-13.301
1.4667,-13.284
1.4833,-13.267
1.5,-13.25
1.5167,-13.233
1.5333,-13.216
1.55,-13.199
1.5667,-13.182
1.5833,-13.164
1.6,-13.147
1.6167,-13.129
1.6333,-13.111
1.65,-13.093
1.6667,-13.075
1.6833,-13.057
1.7,-13.039
1.7167,-13.021
1.7333,-13.003
1.75,-12.984
1.7667,-12.966
1.7833,-12.947
1.8,-12.929
1.8167,-12.91
1.8333,-12.891
1.85,-12.872
1.8667,-12.853
1.8833,-12.834
1.9,-12.814
1.9167,-12.795
1.9333,-12.776
1.95,-12.756
1.9667,-12.736
1.9833,-12.717
2,-12.697
2.0167,-12.677
2.0333,-12.657
2.05,-12.637
2.0667,-12.617
2.0833,-12.597
2.1,-12.576
2.1167,-12.556
2.1333,-12.535
2.15,-12.515
2.1667,-12.494
2.1833,-12.473
2.2,-12.452
2.2167,-12.432
2.2333,-12.411
2.25,-12.389
2.2667,-12.368
2.2833,-12.347
2.3,-12.326
2.3167,-12.304
2.3333,-12.283
2.35,-12.261
2.3667,-12.24
2.3833,-12.218
2.4,-12.196
2.4167,-12.174
2.4333,-12.152
2.45,-12.13
2.4667,-12.108
2.4833,-12.086
2.5,-12.064
2.5167,-12.041
2.5333,-12.019
2.55,-11.996
2.5667,-11.974
2.5833,-11.951
2.6,-11.929
2.6167,-11.906
2.6333,-11.883
2.65,-11.86
2.6667,-11.837
2.6833,-11.814
2.7,-11.791
2.7167,-11.768
2.7333,-11.745
2.75,-11.722
2.7667,-11.698
2.7833,-11.675
2.8,-11.651
2.8167,-11.628
2.8333,-11.604
2.85,-11.581
2.8667,-11.557
2.8833,-11.533
2.9,-11.509
2.9167,-11.486
2.9333,-11.462
2.95,-11.438
2.9667,-11.413
2.9833,-11.389
3,-11.365
3.0167,-11.341
3.0333,-11.316
3.05,-11.292
3.0667,-11.268
3.0833,-11.243
3.1,-11.219
3.1167,-11.194
3.1333,-11.169
3.15,-11.144
3.1667,-11.12
3.1833,-11.095
3.2,-11.07
3.2167,-11.045
3.2333,-11.02
3.25,-10.995
3.2667,-10.97
3.2833,-10.944
3.3,-10.919
3.3167,-10.894
3.3333,-10.869
3.35,-10.843
3.3667,-10.818
3.3833,-10.792
3.4,-10.767
3.4167,-10.741
3.4333,-10.716
3.45,-10.69
3.4667,-10.664
3.4833,-10.638
3.5,-10.613
3.5167,-10.587
3.5333,-10.561
3.55,-10.535
3.5667,-10.509
3.5833,-10.483
3.6,-10.457
3.6167,-10.431
3.6333,-10.404
3.65,-10.378
3.6667,-10.352
3.6833,-10.326
3.7,-10.299
3.7167,-10.273
3.7333,-10.247
3.75,-10.22
3.7667,-10.194
3.7833,-10.167
3.8,-10.141
3.8167,-10.114
3.8333,-10.088
3.85,-10.061
3.8667,-10.034
3.8833,-10.008
3.9,-9.9808
3.9167,-9.9541
3.9333,-9.9273
3.95,-9.9005
3.9667,-9.8736
3.9833,-9.8467
4,-9.8198
4.0167,-9.7929
4.0333,-9.766
4.05,-9.739
4.0667,-9.712
4.0833,-9.685
4.1,-9.6579
4.1167,-9.6308
4.1333,-9.6038
4.15,-9.5766
4.1667,-9.5495
4.1833,-9.5224
4.2,-9.4952
4.2167,-9.468
4.2333,-9.4408
4.25,-9.4135
4.2667,-9.3863
4.2833,-9.359
4.3,-9.3318
4.3167,-9.3045
4.3333,-9.2772
4.35,-9.2498
4.3667,-9.2225
4.3833,-9.1951
4.4,-9.1678
4.4167,-9.1404
4.4333,-9.113
4.45,-9.0856
4.4667,-9.0582
4.4833,-9.0308
4.5,-9.0034
4.5167,-8.976
4.5333,-8.9485
4.55,-8.9211
4.5667,-8.8937
4.5833,-8.8662
4.6,-8.8387
4.6167,-8.8113
4.6333,-8.7838
4.65,-8.7564
4.6667,-8.7289
4.6833,-8.7014
4.7,-8.6739
4.7167,-8.6465
4.7333,-8.619
4.75,-8.5915
4.7667,-8.5641
4.7833,-8.5366
4.8,-8.5092
4.8167,-8.4817
4.8333,-8.4542
4.85,-8.4268
4.8667,-8.3994
4.8833,-8.3719
4.9,-8.3445
4.9167,-8.3171
4.9333,-8.2897
4.95,-8.2623
4.9667,-8.2349
4.9833,-8.2075
5,-8.1801
5.0167,-8.1527
5.0333,-8.1254
5.05,-8.0981
5.0667,-8.0707
5.0833,-8.0434
5.1,-8.0161
5.1167,-7.9889
5.1333,-7.9616
5.15,-7.9343
5.1667,-7.9071
5.1833,-7.8799
5.2,-7.8527
5.2167,-7.8255
5.2333,-7.7984
5.25,-7.7712
5.2667,-7.7441
5.2833,-7.717
5.3,-7.69
5.3167,-7.6629
5.3333,-7.6359
5.35,-7.6089
5.3667,-7.5819
5.3833,-7.555
5.4,-7.528
5.4167,-7.5011
5.4333,-7.4743
5.45,-7.4474
5.4667,-7.4206
5.4833,-7.3938
5.5,-7.3671
5.5167,-7.3403
5.5333,-7.3137
5.55,-7.287
5.5667,-7.2604
5.5833,-7.2338
5.6,-7.2072
5.6167,-7.1807
5.6333,-7.1542
5.65,-7.1277
5.6667,-7.1013
5.6833,-7.0749
5.7,-7.0485
5.7167,-7.0222
5.7333,-6.9959
5.75,-6.9697
5.7667,-6.9435
5.7833,-6.9173
5.8,-6.8912
5.8167,-6.8651
5.8333,-6.8391
5.85,-6.8131
5.8667,-6.7871
5.8833,-6.7612
5.9,-6.7354
5.9167,-6.7095
5.9333,-6.6838
5.95,-6.658
5.9667,-6.6323
5.9833,-6.6067
6,-6.5811
6.0167,-6.5556
6.0333,-6.5301
6.05,-6.5046
6.0667,-6.4792
6.0833,-6.4539
6.1,-6.4286
6.1167,-6.4034
6.1333,-6.3782
6.15,-6.353
6.1667,-6.3279
6.1833,-6.3029
6.2,-6.2779
6.2167,-6.253
6.2333,-6.2281
6.25,-6.2033
6.2667,-6.1786
6.2833,-6.1538
6.3,-6.1292
6.3167,-6.1046
6.3333,-6.08
6.35,-6.0555
6.3667,-6.0311
6.3833,-6.0068
6.4,-5.9825
6.4167,-5.9582
6.4333,-5.9341
6.45,-5.91
6.4667,-5.8859
6.4833,-5.862
6.5,-5.8381
6.5167,-5.8142
6.5333,-5.7904
6.55,-5.7667
6.5667,-5.7431
6.5833,-5.7195
6.6,-5.696
6.6167,-5.6725
6.6333,-5.6492
6.65,-5.6259
6.6667,-5.6026
6.6833,-5.5795
6.7,-5.5564
6.7167,-5.5333
6.7333,-5.5104
6.75,-5.4875
6.7667,-5.4647
6.7833,-5.442
6.8,-5.4193
6.8167,-5.3967
6.8333,-5.3742
6.85,-5.3518
6.8667,-5.3295
6.8833,-5.3072
6.9,-5.285
6.9167,-5.2629
6.9333,-5.2408
6.95,-5.2188
6.9667,-5.197
6.9833,-5.1752
7,-5.1534
7.0167,-5.1318
7.0333,-5.1102
7.05,-5.0887
7.0667,-5.0673
7.0833,-5.046
7.1,-5.0248
7.1167,-5.0036
7.1333,-4.9826
7.15,-4.9616
7.1667,-4.9407
7.1833,-4.9199
7.2,-4.8991
7.2167,-4.8785
7.2333,-4.8579
7.25,-4.8375
7.2667,-4.8171
7.2833,-4.7968
7.3,-4.7766
7.3167,-4.7565
7.3333,-4.7364
7.35,-4.7165
7.3667,-4.6967
7.3833,-4.6769
7.4,-4.6572
7.4167,-4.6377
7.4333,-4.6182
7.45,-4.5988
7.4667,-4.5795
7.4833,-4.5603
7.5,-4.5412
7.5167,-4.5222
7.5333,-4.5033
7.55,-4.4844
7.5667,-4.4657
7.5833,-4.4471
7.6,-4.4285
7.6167,-4.4101
7.6333,-4.3918
7.65,-4.3735
7.6667,-4.3554
7.6833,-4.3373
7.7,-4.3194
7.7167,-4.3015
7.7333,-4.2838
7.75,-4.2661
7.7667,-4.2485
7.7833,-4.2311
7.8,-4.2137
7.8167,-4.1965
7.8333,-4.1793
7.85,-4.1623
7.8667,-4.1453
7.8833,-4.1285
7.9,-4.1118
7.9167,-4.0951
7.9333,-4.0786
7.95,-4.0621
7.9667,-4.0458
7.9833,-4.0296
8,-4.0135
8.0167,-3.9975
8.0333,-3.9816
8.05,-3.9658
8.0667,-3.9501
8.0833,-3.9345
8.1,-3.919
8.1167,-3.9036
8.1333,-3.8883
8.15,-3.8732
8.1667,-3.8581
8.1833,-3.8432
8.2,-3.8284
8.2167,-3.8136
8.2333,-3.799
8.25,-3.7845
8.2667,-3.7701
8.2833,-3.7558
8.3,-3.7417
8.3167,-3.7276
8.3333,-3.7137
8.35,-3.6998
8.3667,-3.6861
8.3833,-3.6725
8.4,-3.659
8.4167,-3.6456
8.4333,-3.6323
8.45,-3.6191
8.4667,-3.6061
8.4833,-3.5931
8.5,-3.5803
8.5167,-3.5676
8.5333,-3.555
8.55,-3.5425
8.5667,-3.5301
8.5833,-3.5179
8.6,-3.5057
8.6167,-3.4937
8.6333,-3.4818
8.65,-3.47
8.6667,-3.4583
8.6833,-3.4467
8.7,-3.4353
8.7167,-3.4238
8.7333,-3.4123
8.75,-3.4007
8.7667,-3.3892
8.7833,-3.3776
8.8,-3.3659
8.8167,-3.3542
8.8333,-3.3425
8.85,-3.3308
8.8667,-3.319
8.8833,-3.3072
8.9,-3.2954
8.9167,-3.2835
8.9333,-3.2716
8.95,-3.2597
8.9667,-3.2477
8.9833,-3.2357
9,-3.2237
9.0167,-3.2116
9.0333,-3.1995
9.05,-3.1874
9.0667,-3.1752
9.0833,-3.163
9.1,-3.1508
9.1167,-3.1385
9.1333,-3.1262
9.15,-3.1139
9.1667,-3.1015
9.1833,-3.0891
9.2,-3.0767
9.2167,-3.0643
9.2333,-3.0518
9.25,-3.0392
9.2667,-3.0267
9.2833,-3.0141
9.3,-3.0014
9.3167,-2.9888
9.3333,-2.9761
9.35,-2.9634
9.3667,-2.9506
9.3833,-2.9378
9.4,-2.925
9.4167,-2.9121
9.4333,-2.8992
9.45,-2.8863
9.4667,-2.8733
9.4833,-2.8603
9.5,-2.8473
9.5167,-2.8342
9.5333,-2.8211
9.55,-2.808
9.5667,-2.7949
9.5833,-2.7817
9.6,-2.7684
9.6167,-2.7552
9.6333,-2.7419
9.65,-2.7285
9.6667,-2.7152
9.6833,-2.7018
9.7,-2.6883
9.7167,-2.6749
9.7333,-2.6614
9.75,-2.6479
9.7667,-2.6343
9.7833,-2.6207
9.8,-2.6071
9.8167,-2.5934
9.8333,-2.5797
9.85,-2.566
9.8667,-2.5522
9.8833,-2.5384
9.9,-2.5246
9.9167,-2.5107
9.9333,-2.4968
9.95,-2.4829
9.9667,-2.469
9.9833,-2.455
10,-2.441
10.017,-2.4269
10.033,-2.4129
10.05,-2.3988
10.067,-2.3846
10.083,-2.3704
10.1,-2.3562
10.117,-2.342
10.133,-2.3277
10.15,-2.3134
10.167,-2.299
10.183,-2.2847
10.2,-2.2702
10.217,-2.2558
10.233,-2.2413
10.25,-2.2268
10.267,-2.2122
10.283,-2.1977
10.3,-2.183
10.317,-2.1684
10.333,-2.1537
10.35,-2.139
10.367,-2.1242
10.383,-2.1094
10.4,-2.0946
10.417,-2.0798
10.433,-2.0649
10.45,-2.05
10.467,-2.035
10.483,-2.02
10.5,-2.005
10.517,-1.9899
10.533,-1.9749
10.55,-1.9597
10.567,-1.9446
10.583,-1.9294
10.6,-1.9142
10.617,-1.8989
10.633,-1.8836
10.65,-1.8683
10.667,-1.853
10.683,-1.8376
10.7,-1.8222
10.717,-1.8067
10.733,-1.7912
10.75,-1.7757
10.767,-1.7602
10.783,-1.7446
10.8,-1.729
10.817,-1.7134
10.833,-1.6977
10.85,-1.682
10.867,-1.6662
10.883,-1.6505
10.9,-1.6347
10.917,-1.6188
10.933,-1.603
10.95,-1.5871
10.967,-1.5711
10.983,-1.5552
11,-1.5392
11.017,-1.5231
11.033,-1.5071
11.05,-1.491
11.067,-1.4749
11.083,-1.4587
11.1,-1.4426
11.117,-1.4263
11.133,-1.4101
11.15,-1.3938
11.167,-1.3775
11.183,-1.3612
11.2,-1.3448
11.217,-1.3284
11.233,-1.312
11.25,-1.2956
11.267,-1.2791
11.283,-1.2626
11.3,-1.246
11.317,-1.2294
11.333,-1.2128
11.35,-1.1962
11.367,-1.1795
11.383,-1.1628
11.4,-1.1461
11.417,-1.1294
11.433,-1.1126
11.45,-1.0958
11.467,-1.0789
11.483,-1.0621
11.5,-1.0452
11.517,-1.0282
11.533,-1.0113
11.55,-0.9943
11.567,-0.97729
11.583,-0.96025
11.6,-0.94319
11.617,-0.92609
11.633,-0.90897
11.65,-0.89182
11.667,-0.87464
11.683,-0.85744
11.7,-0.84021
11.717,-0.82295
11.733,-0.80566
11.75,-0.78835
11.767,-0.771
11.783,-0.75364
11.8,-0.73624
11.817,-0.71882
11.833,-0.70138
11.85,-0.6839
11.867,-0.6664
11.883,-0.64888
11.9,-0.63133
11.917,-0.61375
11.933,-0.59615
11.95,-0.57852
11.967,-0.56086
11.983,-0.54319
12,-0.52548
12.017,-0.50775
12.033,-0.49
12.05,-0.47222
12.067,-0.45442
12.083,-0.43659
12.1,-0.41874
12.117,-0.40086
12.133,-0.38296
12.15,-0.36504
12.167,-0.34709
12.183,-0.32912
12.2,-0.31113
12.217,-0.29311
12.233,-0.27507
12.25,-0.25701
12.267,-0.23892
12.283,-0.22081
12.3,-0.20268
12.317,-0.18453
12.333,-0.16635
12.35,-0.14815
12.367,-0.12993
12.383,-0.11169
12.4,-0.093425
12.417,-0.07514
12.433,-0.056834
12.45,-0.038506
12.467,-0.020158
12.483,-0.0017882
12.5,0.016602
12.517,0.035013
12.533,0.053443
12.55,0.071895
12.567,0.090366
12.583,0.10886
12.6,0.12737
12.617,0.1459
12.633,0.16445
12.65,0.18302
12.667,0.2016
12.683,0.22021
12.7,0.23884
12.717,0.25748
12.733,0.27614
12.75,0.29482
12.767,0.31352
12.783,0.33224
12.8,0.35097
12.817,0.36973
12.833,0.3885
12.85,0.40728
12.867,0.42609
12.883,0.44491
12.9,0.46374
12.917,0.4826
12.933,0.50147
12.95,0.52035
12.967,0.53925
12.983,0.55817
13,0.5771
13.017,0.59605
13.033,0.61501
13.05,0.63399
13.067,0.65299
13.083,0.67199
13.1,0.69102
13.117,0.71005
13.133,0.7291
13.15,0.74817
13.167,0.76725
13.183,0.78634
13.2,0.80544
13.217,0.82456
13.233,0.84369
13.25,0.86284
13.267,0.88199
13.283,0.90116
13.3,0.92034
13.317,0.93953
13.333,0.95874
13.35,0.97795
13.367,0.99718
13.383,1.0164
13.4,1.0357
13.417,1.0549
13.433,1.0742
13.45,1.0935
13.467,1.1128
13.483,1.1321
13.5,1.1514
13.517,1.1707
13.533,1.19
13.55,1.2093
13.567,1.2287
13.583,1.248
13.6,1.2674
13.617,1.2867
13.633,1.3061
13.65,1.3255
13.667,1.3449
13.683,1.3642
13.7,1.3836
13.717,1.403
13.733,1.4224
13.75,1.4418
13.767,1.4612
13.783,1.4806
13.8,1.5
13.817,1.5194
13.833,1.5387
13.85,1.5581
13.867,1.5775
13.883,1.5968
13.9,1.6161
13.917,1.6354
13.933,1.6547
13.95,1.674
13.967,1.6932
13.983,1.7123
14,1.7316
14.017,1.7509
14.033,1.7702
14.05,1.7895
14.067,1.8088
14.083,1.8281
14.1,1.8475
14.117,1.8668
14.133,1.8861
14.15,1.9055
14.167,1.9249
14.183,1.9442
14.2,1.9636
14.217,1.9829
14.233,2.0023
14.25,2.0217
14.267,2.0411
14.283,2.0605
14.3,2.0799
14.317,2.0993
14.333,2.1187
14.35,2.1381
14.367,2.1575
14.383,2.1769
14.4,2.1963
14.417,2.2157
14.433,2.2351
14.45,2.2545
14.467,2.2739
14.483,2.2934
14.5,2.3128
14.517,2.3322
14.533,2.3516
14.55,2.3711
14.567,2.3905
14.583,2.4099
14.6,2.4294
14.617,2.4488
14.633,2.4682
14.65,2.4876
14.667,2.5071
14.683,2.5265
14.7,2.5459
14.717,2.5654
14.733,2.5848
14.75,2.6042
14.767,2.6236
14.783,2.643
14.8,2.6625
14.817,2.6819
14.833,2.7013
14.85,2.7207
14.867,2.7401
14.883,2.7595
14.9,2.7789
14.917,2.7983
14.933,2.8177
14.95,2.8371
14.967,2.8565
14.983,2.8758
15,2.8952
15.017,2.9146
15.033,2.934
15.05,2.9533
15.067,2.9727
15.083,2.992
15.1,3.0114
15.117,3.0307
15.133,3.05
15.15,3.0693
15.167,3.0887
15.183,3.108
15.2,3.1273
15.217,3.1466
15.233,3.1659
15.25,3.1851
15.267,3.2044
15.283,3.2237
15.3,3.2429
15.317,3.2622
15.333,3.2814
15.35,3.3006
15.367,3.3198
15.383,3.3391
15.4,3.3583
15.417,3.3774
15.433,3.3966
15.45,3.4158
15.467,3.4349
15.483,3.4541
15.5,3.4732
15.517,3.4924
15.533,3.5115
15.55,3.5306
15.567,3.5497
15.583,3.5687
15.6,3.5878
15.617,3.6069
15.633,3.6259
15.65,3.6449
15.667,3.6639
15.683,3.6829
15.7,3.7019
15.717,3.7209
15.733,3.7399
15.75,3.7588
15.767,3.7778
15.783,3.7967
15.8,3.8156
15.817,3.8345
15.833,3.8533
15.85,3.8722
15.867,3.891
15.883,3.9099
15.9,3.9287
15.917,3.9475
15.933,3.9662
15.95,3.985
15.967,4.0038
15.983,4.0225
16,4.0412
16.017,4.0599
16.033,4.0786
16.05,4.0972
16.067,4.1159
16.083,4.1345
16.1,4.1531
16.117,4.1717
16.133,4.1902
16.15,4.2088
16.167,4.2273
16.183,4.2458
16.2,4.2643
16.217,4.2828
16.233,4.3012
16.25,4.3197
16.267,4.3381
16.283,4.3565
16.3,4.3748
16.317,4.3932
16.333,4.4115
16.35,4.4298
16.367,4.4481
16.383,4.4664
16.4,4.4846
16.417,4.5028
16.433,4.521
16.45,4.5392
16.467,4.5574
16.483,4.5755
16.5,4.5936
16.517,4.6117
16.533,4.6297
16.55,4.6478
16.567,4.6658
16.583,4.6838
16.6,4.7018
16.617,4.7197
16.633,4.7376
16.65,4.7555
16.667,4.7734
16.683,4.7912
16.7,4.809
16.717,4.8268
16.733,4.8446
16.75,4.8623
16.767,4.88
16.783,4.8977
16.8,4.9154
16.817,4.933
16.833,4.9506
16.85,4.9682
16.867,4.9858
16.883,5.0033
16.9,5.0208
16.917,5.0383
16.933,5.0557
16.95,5.0732
16.967,5.0906
16.983,5.1079
17,5.1253
17.017,5.1426
17.033,5.1598
17.05,5.1771
17.067,5.1943
17.083,5.2115
17.1,5.2287
17.117,5.2458
17.133,5.2629
17.15,5.28
17.167,5.297
17.183,5.314
17.2,5.331
17.217,5.348
17.233,5.3649
17.25,5.3818
17.267,5.3987
17.283,5.4155
17.3,5.4323
17.317,5.4491
17.333,5.4658
17.35,5.4825
17.367,5.4992
17.383,5.5159
17.4,5.5325
17.417,5.5491
17.433,5.5656
17.45,5.5821
17.467,5.5986
17.483,5.6151
17.5,5.6315
17.517,5.6479
17.533,5.6643
17.55,5.6806
17.567,5.6969
17.583,5.7132
17.6,5.7294
17.617,5.7456
17.633,5.7618
17.65,5.7779
17.667,5.794
17.683,5.8101
17.7,5.8262
17.717,5.8422
17.733,5.8582
17.75,5.8742
17.767,5.8901
17.783,5.906
17.8,5.9219
17.817,5.9378
17.833,5.9537
17.85,5.9696
17.867,5.9854
17.883,6.0012
17.9,6.0171
17.917,6.0329
17.933,6.0488
17.95,6.0647
17.967,6.0807
17.983,6.0965
18,6.1124
18.017,6.1282
18.033,6.144
18.05,6.1597
18.067,6.1755
18.083,6.1911
18.1,6.2068
18.117,6.2224
18.133,6.238
18.15,6.2535
18.167,6.269
18.183,6.2844
18.2,6.2999
18.217,6.3152
18.233,6.3306
18.25,6.3459
18.267,6.3612
18.283,6.3764
18.3,6.3916
18.317,6.4068
18.333,6.4219
18.35,6.437
18.367,6.4521
18.383,6.4671
18.4,6.482
18.417,6.497
18.433,6.5119
18.45,6.5267
18.467,6.5416
18.483,6.5563
18.5,6.5711
18.517,6.5858
18.533,6.6005
18.55,6.6151
18.567,6.6297
18.583,6.6442
18.6,6.6587
18.617,6.6732
18.633,6.6876
18.65,6.702
18.667,6.7164
18.683,6.7307
18.7,6.7449
18.717,6.7592
18.733,6.7733
18.75,6.7875
18.767,6.8016
18.783,6.8157
18.8,6.8297
18.817,6.8437
18.833,6.8576
18.85,6.8715
18.867,6.8854
18.883,6.8992
18.9,6.913
18.917,6.9267
18.933,6.9404
18.95,6.9541
18.967,6.9677
18.983,6.9813
19,6.9948
19.017,7.0083
19.033,7.0217
19.05,7.0351
19.067,7.0485
19.083,7.0618
19.1,7.0751
19.117,7.0883
19.133,7.1015
19.15,7.1147
19.167,7.1278
19.183,7.1408
19.2,7.1539
19.217,7.1668
19.233,7.1798
19.25,7.1927
19.267,7.2055
19.283,7.2183
19.3,7.2311
19.317,7.2438
19.333,7.2565
19.35,7.2691
19.367,7.2817
19.383,7.2943
19.4,7.3068
19.417,7.3192
19.433,7.3317
19.45,7.344
19.467,7.3564
19.483,7.3686
19.5,7.3809
19.517,7.3931
19.533,7.4052
19.55,7.4173
19.567,7.4294
19.583,7.4414
19.6,7.4534
19.617,7.4653
19.633,7.4772
19.65,7.4891
19.667,7.5009
19.683,7.5126
19.7,7.5243
19.717,7.536
19.733,7.5476
19.75,7.5592
19.767,7.5707
19.783,7.5822
19.8,7.5937
19.817,7.6051
19.833,7.6164
19.85,7.6277
19.867,7.639
19.883,7.6502
19.9,7.6614
19.917,7.6725
19.933,7.6836
19.95,7.6946
19.967,7.7056
19.983,7.7166
20,7.7275
20.017,7.7383
20.033,7.7492
20.05,7.7599
20.067,7.7706
20.083,7.7813
20.1,7.792
20.117,7.8026
20.133,7.8131
20.15,7.8236
20.167,7.834
20.183,7.8445
20.2,7.8548
20.217,7.8651
20.233,7.8754
20.25,7.8856
20.267,7.8958
20.283,7.906
20.3,7.9161
20.317,7.9261
20.333,7.9361
20.35,7.9461
20.367,7.956
20.383,7.9658
20.4,7.9757
20.417,7.9854
20.433,7.9952
20.45,8.0049
20.467,8.0145
20.483,8.0241
20.5,8.0336
20.517,8.0432
20.533,8.0526
20.55,8.062
20.567,8.0714
20.583,8.0807
20.6,8.09
20.617,8.0992
20.633,8.1084
20.65,8.1176
20.667,8.1267
20.683,8.1357
20.7,8.1448
20.717,8.1537
20.733,8.1626
20.75,8.1715
20.767,8.1804
20.783,8.1891
20.8,8.1979
20.817,8.2066
20.833,8.2152
20.85,8.2239
20.867,8.2324
20.883,8.2409
20.9,8.2494
20.917,8.2579
20.933,8.2662
20.95,8.2746
20.967,8.2829
20.983,8.2911
21,8.2994
21.017,8.3075
21.033,8.3157
21.05,8.3237
21.067,8.3318
21.083,8.3398
21.1,8.3477
21.117,8.3556
21.133,8.3635
21.15,8.3713
21.167,8.3791
21.183,8.3868
21.2,8.3945
21.217,8.4022
21.233,8.4098
21.25,8.4173
21.267,8.4249
21.283,8.4323
21.3,8.4398
21.317,8.4472
21.333,8.4545
21.35,8.4618
21.367,8.4691
21.383,8.4763
21.4,8.4835
21.417,8.4907
21.433,8.4978
21.45,8.5049
21.467,8.5119
21.483,8.5189
21.5,8.5258
21.517,8.5327
21.533,8.5396
21.55,8.5464
21.567,8.5532
21.583,8.56
21.6,8.5667
21.617,8.5734
21.633,8.5801
21.65,8.5867
21.667,8.5934
21.683,8.5999
21.7,8.6065
21.717,8.613
21.733,8.6196
21.75,8.6261
21.767,8.6326
21.783,8.6391
21.8,8.6456
21.817,8.6521
21.833,8.6586
21.85,8.6652
21.867,8.6718
21.883,8.6784
21.9,8.6849
21.917,8.6914
21.933,8.6978
21.95,8.7042
21.967,8.7106
21.983,8.7169
22,8.7231
22.017,8.7294
22.033,8.7356
22.05,8.7417
22.067,8.7478
22.083,8.7539
22.1,8.7599
22.117,8.7659
22.133,8.7718
22.15,8.7777
22.167,8.7836
22.183,8.7894
22.2,8.7951
22.217,8.8009
22.233,8.8066
22.25,8.8122
22.267,8.8179
22.283,8.8235
22.3,8.8292
22.317,8.8351
22.333,8.841
22.35,8.8471
22.367,8.8533
22.383,8.8595
22.4,8.8659
22.417,8.8724
22.433,8.879
22.45,8.8857
22.467,8.8925
22.483,8.8994
22.5,8.9065
22.517,8.9136
22.533,8.9208
22.55,8.9281
22.567,8.9356
22.583,8.9431
22.6,8.9507
22.617,8.9585
22.633,8.9663
22.65,8.9742
22.667,8.9823
22.683,8.9904
22.7,8.9987
22.717,9.007
22.733,9.0155
22.75,9.024
22.767,9.0326
22.783,9.0414
22.8,9.0502
22.817,9.0591
22.833,9.0681
22.85,9.0773
22.867,9.0865
22.883,9.0958
22.9,9.1052
22.917,9.1147
22.933,9.1243
22.95,9.134
22.967,9.1438
22.983,9.1537
23,9.1636
23.017,9.1737
23.033,9.1838
23.05,9.1941
23.067,9.2044
23.083,9.2149
23.1,9.2254
23.117,9.236
23.133,9.2467
23.15,9.2574
23.167,9.2683
23.183,9.2793
23.2,9.2903
23.217,9.3015
23.233,9.3127
23.25,9.324
23.267,9.3354
23.283,9.3468
23.3,9.3584
23.317,9.37
23.333,9.3818
23.35,9.3936
23.367,9.4055
23.383,9.4174
23.4,9.4295
23.417,9.4416
23.433,9.4538
23.45,9.4661
23.467,9.4785
23.483,9.491
23.5,9.5035
23.517,9.5161
23.533,9.5288
23.55,9.5415
23.567,9.5544
23.583,9.5673
23.6,9.5803
23.617,9.5934
23.633,9.6065
23.65,9.6197
23.667,9.633
23.683,9.6464
23.7,9.6598
23.717,9.6733
23.733,9.6869
23.75,9.7005
23.767,9.7142
23.783,9.728
23.8,9.7419
23.817,9.7558
23.833,9.7698
23.85,9.7839
23.867,9.798
23.883,9.8122
23.9,9.8264
23.917,9.8408
23.933,9.8551
23.95,9.8696
23.967,9.8841
23.983,9.8987
24,9.9133
24.017,9.928
24.033,9.9428
24.05,9.9576
24.067,9.9725
24.083,9.9875
24.1,10.002
24.117,10.018
24.133,10.033
24.15,10.048
24.167,10.063
24.183,10.078
24.2,10.094
24.217,10.109
24.233,10.125
24.25,10.14
24.267,10.156
24.283,10.171
24.3,10.187
24.317,10.203
24.333,10.218
24.35,10.234
24.367,10.25
24.383,10.266
24.4,10.282
24.417,10.298
24.433,10.314
24.45,10.33
24.467,10.346
24.483,10.363
24.5,10.379
24.517,10.395
24.533,10.411
24.55,10.428
24.567,10.444
24.583,10.461
24.6,10.477
24.617,10.494
24.633,10.51
24.65,10.527
24.667,10.544
24.683,10.56
24.7,10.577
24.717,10.594
24.733,10.611
24.75,10.628
24.767,10.644
24.783,10.661
24.8,10.678
24.817,10.695
24.833,10.712
24.85,10.729
24.867,10.747
24.883,10.764
24.9,10.781
24.917,10.798
24.933,10.815
24.95,10.832
24.967,10.85
24.983,10.867
25,10.884
25.017,10.902
25.033,10.919
25.05,10.936
25.067,10.954
25.083,10.971
25.1,10.989
25.117,11.006
25.133,11.024
25.15,11.041
25.167,11.059
25.183,11.076
25.2,11.094
25.217,11.112
25.233,11.129
25.25,11.147
25.267,11.165
25.283,11.182
25.3,11.2
25.317,11.218
25.333,11.235
25.35,11.253
25.367,11.271
25.383,11.289
25.4,11.306
25.417,11.324
25.433,11.342
25.45,11.36
25.467,11.378
25.483,11.395
25.5,11.413
25.517,11.431
25.533,11.449
25.55,11.467
25.567,11.485
25.583,11.502
25.6,11.52
25.617,11.538
25.633,11.556
25.65,11.574
25.667,11.592
25.683,11.61
25.7,11.628
25.717,11.645
25.733,11.663
25.75,11.681
25.767,11.699
25.783,11.717
25.8,11.735
25.817,11.752
25.833,11.77
25.85,11.788
25.867,11.806
25.883,11.824
25.9,11.841
25.917,11.859
25.933,11.877
25.95,11.895
25.967,11.913
25.983,11.93
26,11.948
26.017,11.966
26.033,11.984
26.05,12.002
26.067,12.019
26.083,12.037
26.1,12.055
26.117,12.073
26.133,12.09
26.15,12.108
26.167,12.126
26.183,12.143
26.2,12.161
26.217,12.179
26.233,12.196
26.25,12.214
26.267,12.232
26.283,12.249
26.3,12.267
26.317,12.284
26.333,12.302
26.35,12.319
26.367,12.337
26.383,12.354
26.4,12.372
26.417,12.389
26.433,12.407
26.45,12.424
26.467,12.441
26.483,12.459
26.5,12.476
26.517,12.493
26.533,12.511
26.55,12.528
26.567,12.545
26.583,12.562
26.6,12.579
26.617,12.597
26.633,12.614
26.65,12.631
26.667,12.648
26.683,12.665
26.7,12.682
26.717,12.699
26.733,12.716
26.75,12.733
26.767,12.749
26.783,12.766
26.8,12.783
26.817,12.8
26.833,12.816
26.85,12.833
26.867,12.85
26.883,12.866
26.9,12.883
26.917,12.899
26.933,12.916
26.95,12.932
26.967,12.949
26.983,12.965
27,12.981
27.017,12.998
27.033,13.014
27.05,13.03
27.067,13.046
27.083,13.062
27.1,13.078
27.117,13.094
27.133,13.11
27.15,13.126
27.167,13.142
27.183,13.158
27.2,13.173
27.217,13.189
27.233,13.205
27.25,13.22
27.267,13.236
27.283,13.251
27.3,13.267
27.317,13.282
27.333,13.298
27.35,13.313
27.367,13.328
27.383,13.343
27.4,13.358
27.417,13.373
27.433,13.388
27.45,13.403
27.467,13.418
27.483,13.433
27.5,13.448
27.517,13.462
27.533,13.477
27.55,13.492
27.567,13.506
27.583,13.521
27.6,13.535
27.617,13.549
27.633,13.564
27.65,13.578
27.667,13.592
27.683,13.606
27.7,13.62
27.717,13.634
27.733,13.648
27.75,13.662
27.767,13.675
27.783,13.689
27.8,13.703
27.817,13.716
27.833,13.73
27.85,13.743
27.867,13.756
27.883,13.769
27.9,13.783
27.917,13.796
27.933,13.809
27.95,13.822
27.967,13.835
27.983,13.847
28,13.86
28.017,13.873
28.033,13.885
28.05,13.898
28.067,13.91
28.083,13.923
28.1,13.935
28.117,13.947
28.133,13.959
28.15,13.971
28.167,13.983
28.183,13.995
28.2,14.007
28.217,14.018
28.233,14.03
28.25,14.042
28.267,14.053
28.283,14.064
28.3,14.076
28.317,14.087
28.333,14.098
28.35,14.109
28.367,14.12
28.383,14.131
28.4,14.142
28.417,14.152
28.433,14.163
28.45,14.174
28.467,14.184
28.483,14.194
28.5,14.205
28.517,14.215
28.533,14.225
28.55,14.235
28.567,14.245
28.583,14.255
28.6,14.264
28.617,14.274
28.633,14.283
28.65,14.293
28.667,14.302
28.683,14.312
28.7,14.321
28.717,14.33
28.733,14.339
28.75,14.348
28.767,14.356
28.783,14.365
28.8,14.374
28.817,14.382
28.833,14.391
28.85,14.399
28.867,14.407
28.883,14.415
28.9,14.423
28.917,14.431
28.933,14.439
28.95,14.447
28.967,14.455
28.983,14.462
29,14.47
29.017,14.477
29.033,14.484
29.05,14.491
29.067,14.498
29.083,14.505
29.1,14.512
29.117,14.519
29.133,14.525
29.15,14.532
29.167,14.538
29.183,14.545
29.2,14.551
29.217,14.557
29.233,14.563
29.25,14.569
29.267,14.575
29.283,14.581
29.3,14.586
29.317,14.592
29.333,14.597
29.35,14.603
29.367,14.608
29.383,14.613
29.4,14.618
29.417,14.623
29.433,14.627
29.45,14.632
29.467,14.637
29.483,14.641
29.5,14.645
29.517,14.65
29.533,14.654
29.55,14.658
29.567,14.662
29.583,14.665
29.6,14.669
29.617,14.673
29.633,14.676
29.65,14.679
29.667,14.683
29.683,14.686
29.7,14.689
29.717,14.692
29.733,14.694
29.75,14.697
29.767,14.7
29.783,14.702
29.8,14.705
29.817,14.708
29.833,14.711
29.85,14.714
29.867,14.717
29.883,14.72
29.9,14.722
29.917,14.725
29.933,14.729
29.95,14.732
29.967,14.735
29.983,14.738
30,14.741
30.017,14.744
30.033,14.748
30.05,14.751
30.067,14.754
30.083,14.758
30.1,14.761
30.117,14.764
30.133,14.768
30.15,14.771
30.167,14.775
30.183,14.779
30.2,14.782
30.217,14.786
30.233,14.79
30.25,14.793
30.267,14.797
30.283,14.801
30.3,14.805
30.317,14.809
30.333,14.813
30.35,14.817
30.367,14.821
30.383,14.825
30.4,14.829
30.417,14.833
30.433,14.837
30.45,14.841
30.467,14.846
30.483,14.85
30.5,14.854
30.517,14.858
30.533,14.863
30.55,14.867
30.567,14.872
30.583,14.876
30.6,14.881
30.617,14.885
30.633,14.89
30.65,14.895
30.667,14.899
30.683,14.904
30.7,14.909
30.717,14.914
30.733,14.919
30.75,14.923
30.767,14.928
30.783,14.933
30.8,14.938
30.817,14.943
30.833,14.948
30.85,14.954
30.867,14.959
30.883,14.964
30.9,14.969
30.917,14.974
30.933,14.98
30.95,14.985
30.967,14.99
30.983,14.996
31,15.001
31.017,15.007
31.033,15.012
31.05,15.018
31.067,15.024
31.083,15.029
31.1,15.035
31.117,15.041
31.133,15.046
31.15,15.052
31.167,15.058
31.183,15.064
31.2,15.07
31.217,15.076
31.233,15.082
31.25,15.088
31.267,15.094
31.283,15.1
31.3,15.106
31.317,15.112
31.333,15.118
31.35,15.125
31.367,15.131
31.383,15.137
31.4,15.144
31.417,15.15
31.433,15.156
31.45,15.163
31.467,15.169
31.483,15.176
31.5,15.183
31.517,15.189
31.533,15.196
31.55,15.203
31.567,15.209
31.583,15.216
31.6,15.223
31.617,15.23
31.633,15.237
31.65,15.244
31.667,15.25
31.683,15.257
31.7,15.265
31.717,15.272
31.733,15.279
31.75,15.286
31.767,15.293
31.783,15.3
31.8,15.307
31.817,15.315
31.833,15.322
31.85,15.329
31.867,15.337
31.883,15.344
31.9,15.352
31.917,15.359
31.933,15.367
31.95,15.374
31.967,15.382
31.983,15.389
32,15.397
32.017,15.405
32.033,15.413
32.05,15.42
32.067,15.428
32.083,15.436
32.1,15.444
32.117,15.452
32.133,15.46
32.15,15.468
32.167,15.476
32.183,15.484
32.2,15.492
32.217,15.5
32.233,15.508
32.25,15.516
32.267,15.525
32.283,15.533
32.3,15.541
32.317,15.549
32.333,15.558
32.35,15.566
32.367,15.575
32.383,15.583
32.4,15.592
32.417,15.6
32.433,15.609
32.45,15.617
32.467,15.626
32.483,15.635
32.5,15.643
32.517,15.652
32.533,15.661
32.55,15.669
32.567,15.678
32.583,15.687
32.6,15.696
32.617,15.705
32.633,15.714
32.65,15.723
32.667,15.732
32.683,15.741
32.7,15.75
32.717,15.759
32.733,15.768
32.75,15.777
32.767,15.786
32.783,15.795
32.8,15.805
32.817,15.814
32.833,15.823
32.85,15.832
32.867,15.842
32.883,15.851
32.9,15.861
32.917,15.87
32.933,15.88
32.95,15.889
32.967,15.899
32.983,15.908
33,15.918
33.017,15.927
33.033,15.937
33.05,15.947
33.067,15.956
33.083,15.966
33.1,15.976
33.117,15.986
33.133,15.996
33.15,16.005
33.167,16.015
33.183,16.025
33.2,16.035
33.217,16.045
33.233,16.055
33.25,16.065
33.267,16.075
33.283,16.085
33.3,16.095
33.317,16.105
33.333,16.116
33.35,16.126
33.367,16.136
33.383,16.146
33.4,16.156
33.417,16.167
33.433,16.177
33.45,16.187
33.467,16.198
33.483,16.208
33.5,16.218
33.517,16.229
33.533,16.239
33.55,16.25
33.567,16.26
33.583,16.271
33.6,16.281
33.617,16.292
33.633,16.302
33.65,16.313
33.667,16.324
33.683,16.334
33.7,16.345
33.717,16.356
33.733,16.366
33.75,16.377
33.767,16.388
33.783,16.399
33.8,16.41
33.817,16.42
33.833,16.431
33.85,16.442
33.867,16.453
33.883,16.464
33.9,16.475
33.917,16.486
33.933,16.497
33.95,16.508
33.967,16.519
33.983,16.53
34,16.541
34.017,16.552
34.033,16.563
34.05,16.574
34.067,16.585
34.083,16.597
34.1,16.608
34.117,16.619
34.133,16.63
34.15,16.641
34.167,16.653
34.183,16.664
34.2,16.675
34.217,16.686
34.233,16.698
34.25,16.709
34.267,16.72
34.283,16.732
34.3,16.743
34.317,16.755
34.333,16.766
34.35,16.777
34.367,16.789
34.383,16.8
34.4,16.812
34.417,16.823
34.433,16.835
34.45,16.846
34.467,16.858
34.483,16.869
34.5,16.881
34.517,16.892
34.533,16.904
34.55,16.916
34.567,16.927
34.583,16.939
34.6,16.951
34.617,16.962
34.633,16.974
34.65,16.985
34.667,16.997
34.683,17.009
34.7,17.021
34.717,17.032
34.733,17.044
34.75,17.056
34.767,17.068
34.783,17.079
34.8,17.091
34.817,17.103
34.833,17.115
34.85,17.126
34.867,17.138
34.883,17.15
34.9,17.162
34.917,17.174
34.933,17.186
34.95,17.197
34.967,17.209
34.983,17.221
35,17.233
35.017,17.245
35.033,17.257
35.05,17.269
35.067,17.281
35.083,17.293
35.1,17.304
35.117,17.316
35.133,17.328
35.15,17.34
35.167,17.352
35.183,17.364
35.2,17.376
35.217,17.388
35.233,17.4
35.25,17.412
35.267,17.424
35.283,17.436
35.3,17.448
35.317,17.46
35.333,17.472
35.35,17.484
35.367,17.496
35.383,17.508
35.4,17.52
35.417,17.532
35.433,17.544
35.45,17.556
35.467,17.568
35.483,17.58
35.5,17.592
35.517,17.604
35.533,17.616
35.55,17.628
35.567,17.64
35.583,17.652
35.6,17.664
35.617,17.676
35.633,17.688
35.65,17.7
35.667,17.712
35.683,17.724
35.7,17.736
35.717,17.748
35.733,17.76
35.75,17.772
35.767,17.784
35.783,17.796
35.8,17.808
35.817,17.82
35.833,17.832
35.85,17.844
35.867,17.856
35.883,17.868
35.9,17.88
35.917,17.892
35.933,17.904
35.95,17.916
35.967,17.928
35.983,17.94
36,17.952
36.017,17.964
36.033,17.976
36.05,17.988
36.067,18
36.083,18.012
36.1,18.024
36.117,18.036
36.133,18.048
36.15,18.06
36.167,18.072
36.183,18.083
36.2,18.095
36.217,18.107
36.233,18.119
36.25,18.131
36.267,18.143
36.283,18.155
36.3,18.167
36.317,18.178
36.333,18.19
36.35,18.202
36.367,18.214
36.383,18.226
36.4,18.237
36.417,18.249
36.433,18.261
36.45,18.273
36.467,18.285
36.483,18.296
36.5,18.308
36.517,18.32
36.533,18.331
36.55,18.343
36.567,18.355
36.583,18.366
36.6,18.378
36.617,18.39
36.633,18.401
36.65,18.413
36.667,18.425
36.683,18.436
36.7,18.448
36.717,18.459
36.733,18.471
36.75,18.482
36.767,18.494
36.783,18.506
36.8,18.517
36.817,18.529
36.833,18.54
36.85,18.552
36.867,18.563
36.883,18.575
36.9,18.586
36.917,18.598
36.933,18.609
36.95,18.621
36.967,18.632
36.983,18.643
37,18.655
37.017,18.666
37.033,18.677
37.05,18.689
37.067,18.7
37.083,18.711
37.1,18.723
37.117,18.734
37.133,18.745
37.15,18.756
37.167,18.768
37.183,18.779
37.2,18.79
37.217,18.801
37.233,18.812
37.25,18.823
37.267,18.835
37.283,18.846
37.3,18.857
37.317,18.868
37.333,18.879
37.35,18.89
37.367,18.901
37.383,18.912
37.4,18.923
37.417,18.934
37.433,18.945
37.45,18.955
37.467,18.966
37.483,18.977
37.5,18.988
37.517,18.999
37.533,19.01
37.55,19.02
37.567,19.031
37.583,19.042
37.6,19.052
37.617,19.063
37.633,19.074
37.65,19.084
37.667,19.095
37.683,19.106
37.7,19.116
37.717,19.127
37.733,19.137
37.75,19.148
37.767,19.158
37.783,19.169
37.8,19.179
37.817,19.189
37.833,19.2
37.85,19.21
37.867,19.22
37.883,19.231
37.9,19.241
37.917,19.251
37.933,19.261
37.95,19.272
37.967,19.282
37.983,19.292
38,19.302
38.017,19.312
38.033,19.322
38.05,19.332
38.067,19.342
38.083,19.352
38.1,19.362
38.117,19.372
38.133,19.382
38.15,19.392
38.167,19.401
38.183,19.411
38.2,19.421
38.217,19.431
38.233,19.44
38.25,19.45
38.267,19.46
38.283,19.469
38.3,19.479
38.317,19.489
38.333,19.498
38.35,19.508
38.367,19.517
38.383,19.527
38.4,19.536
38.417,19.545
38.433,19.555
38.45,19.564
38.467,19.573
38.483,19.583
38.5,19.592
38.517,19.601
38.533,19.61
38.55,19.619
38.567,19.628
38.583,19.638
38.6,19.647
38.617,19.656
38.633,19.665
38.65,19.673
38.667,19.682
38.683,19.691
38.7,19.7
38.717,19.709
38.733,19.718
38.75,19.726
38.767,19.735
38.783,19.744
38.8,19.752
38.817,19.761
38.833,19.77
38.85,19.778
38.867,19.787
38.883,19.795
38.9,19.804
38.917,19.812
38.933,19.82
38.95,19.829
38.967,19.837
38.983,19.845
39,19.854
39.017,19.862
39.033,19.87
39.05,19.878
39.067,19.886
39.083,19.894
39.1,19.902
39.117,19.91
39.133,19.918
39.15,19.926
39.167,19.934
39.183,19.942
39.2,19.95
39.217,19.957
39.233,19.965
39.25,19.973
39.267,19.98
39.283,19.988
39.3,19.996
39.317,20.003
39.333,20.011
39.35,20.018
39.367,20.026
39.383,20.033
39.4,20.04
39.417,20.048
39.433,20.055
39.45,20.062
39.467,20.069
39.483,20.077
39.5,20.084
39.517,20.091
39.533,20.098
39.55,20.105
39.567,20.112
39.583,20.119
39.6,20.126
39.617,20.132
39.633,20.139
39.65,20.146
39.667,20.153
39.683,20.16
39.7,20.166
39.717,20.173
39.733,20.179
39.75,20.186
39.767,20.192
39.783,20.199
39.8,20.205
39.817,20.212
39.833,20.218
39.85,20.224
39.867,20.231
39.883,20.237
39.9,20.243
39.917,20.249
39.933,20.255
39.95,20.261
39.967,20.267
39.983,20.273
40,20.279
40.017,20.285
40.033,20.291
40.05,20.297
40.067,20.303
40.083,20.309
40.1,20.314
40.117,20.32
40.133,20.326
40.15,20.331
40.167,20.337
40.183,20.342
40.2,20.348
40.217,20.353
40.233,20.359
40.25,20.364
40.267,20.369
40.283,20.375
40.3,20.38
40.317,20.385
40.333,20.39
40.35,20.395
40.367,20.4
40.383,20.405
40.4,20.41
40.417,20.415
40.433,20.42
40.45,20.425
40.467,20.43
40.483,20.435
40.5,20.44
40.517,20.444
40.533,20.449
40.55,20.454
40.567,20.459
40.583,20.463
40.6,20.468
40.617,20.472
40.633,20.477
40.65,20.482
40.667,20.486
40.683,20.491
40.7,20.496
40.717,20.5
40.733,20.505
40.75,20.509
40.767,20.514
40.783,20.519
40.8,20.523
40.817,20.528
40.833,20.532
40.85,20.537
40.867,20.541
40.883,20.545
40.9,20.55
40.917,20.554
40.933,20.558
40.95,20.562
40.967,20.566
40.983,20.571
41,20.575
41.017,20.579
41.033,20.583
41.05,20.586
41.067,20.59
41.083,20.594
41.1,20.598
41.117,20.602
41.133,20.605
41.15,20.609
41.167,20.613
41.183,20.616
41.2,20.62
41.217,20.623
41.233,20.627
41.25,20.63
41.267,20.634
41.283,20.637
41.3,20.64
41.317,20.643
41.333,20.647
41.35,20.65
41.367,20.653
41.383,20.656
41.4,20.659
41.417,20.662
41.433,20.665
41.45,20.668
41.467,20.671
41.483,20.674
41.5,20.676
41.517,20.679
41.533,20.682
41.55,20.685
41.567,20.687
41.583,20.69
41.6,20.692
41.617,20.695
41.633,20.697
41.65,20.7
41.667,20.702
41.683,20.704
41.7,20.707
41.717,20.709
41.733,20.711
41.75,20.713
41.767,20.715
41.783,20.717
41.8,20.719
41.817,20.721
41.833,20.723
41.85,20.725
41.867,20.727
41.883,20.729
41.9,20.731
41.917,20.733
41.933,20.734
41.95,20.736
41.967,20.738
41.983,20.739
42,20.741
42.017,20.742
42.033,20.744
42.05,20.745
42.067,20.747
42.083,20.748
42.1,20.749
42.117,20.75
42.133,20.752
42.15,20.753
42.167,20.754
42.183,20.755
42.2,20.756
42.217,20.757
42.233,20.758
42.25,20.759
42.267,20.76
42.283,20.761
42.3,20.762
42.317,20.763
42.333,20.763
42.35,20.764
42.367,20.765
42.383,20.765
42.4,20.766
42.417,20.766
42.433,20.767
42.45,20.767
42.467,20.768
42.483,20.768
42.5,20.769
42.517,20.769
42.533,20.769
42.55,20.769
42.567,20.77
42.583,20.77
42.6,20.77
42.617,20.77
42.633,20.77
42.65,20.77
42.667,20.77
42.683,20.77
42.7,20.77
42.717,20.77
42.733,20.77
42.75,20.77
42.767,20.769
42.783,20.769
42.8,20.769
42.817,20.768
42.833,20.768
42.85,20.768
42.867,20.767
42.883,20.767
42.9,20.767
42.917,20.768
42.933,20.768
42.95,20.768
42.967,20.769
42.983,20.769
43,20.77
43.017,20.771
43.033,20.772
43.05,20.773
43.067,20.774
43.083,20.775
43.1,20.776
43.117,20.778
43.133,20.779
43.15,20.781
43.167,20.783
43.183,20.785
43.2,20.787
43.217,20.789
43.233,20.791
43.25,20.793
43.267,20.795
43.283,20.798
43.3,20.801
43.317,20.803
43.333,20.806
43.35,20.809
43.367,20.812
43.383,20.815
43.4,20.818
43.417,20.821
43.433,20.825
43.45,20.828
43.467,20.832
43.483,20.836
43.5,20.839
43.517,20.843
43.533,20.847
43.55,20.851
43.567,20.855
43.583,20.86
43.6,20.864
43.617,20.868
43.633,20.873
43.65,20.878
43.667,20.882
43.683,20.887
43.7,20.892
43.717,20.897
43.733,20.902
43.75,20.907
43.767,20.912
43.783,20.918
43.8,20.923
43.817,20.929
43.833,20.934
43.85,20.94
43.867,20.946
43.883,20.952
43.9,20.958
43.917,20.964
43.933,20.97
43.95,20.976
43.967,20.982
43.983,20.989
44,20.995
44.017,21.002
44.033,21.008
44.05,21.015
44.067,21.022
44.083,21.028
44.1,21.035
44.117,21.042
44.133,21.049
44.15,21.057
44.167,21.064
44.183,21.071
44.2,21.078
44.217,21.086
44.233,21.093
44.25,21.101
44.267,21.109
44.283,21.116
44.3,21.124
44.317,21.132
44.333,21.14
44.35,21.148
44.367,21.156
44.383,21.164
44.4,21.173
44.417,21.181
44.433,21.189
44.45,21.198
44.467,21.206
44.483,21.215
44.5,21.223
44.517,21.232
44.533,21.241
44.55,21.25
44.567,21.259
44.583,21.268
44.6,21.277
44.617,21.286
44.633,21.295
44.65,21.304
44.667,21.314
44.683,21.323
44.7,21.332
44.717,21.342
44.733,21.351
44.75,21.361
44.767,21.371
44.783,21.38
44.8,21.39
44.817,21.4
44.833,21.41
44.85,21.42
44.867,21.43
44.883,21.44
44.9,21.45
44.917,21.46
44.933,21.47
44.95,21.481
44.967,21.491
44.983,21.501
45,21.512
45.017,21.522
45.033,21.533
45.05,21.543
45.067,21.554
45.083,21.565
45.1,21.575
45.117,21.586
45.133,21.597
45.15,21.608
45.167,21.619
45.183,21.629
45.2,21.64
45.217,21.651
45.233,21.663
45.25,21.674
45.267,21.685
45.283,21.696
45.3,21.707
45.317,21.718
45.333,21.73
45.35,21.741
45.367,21.753
45.383,21.764
45.4,21.775
45.417,21.787
45.433,21.798
45.45,21.81
45.467,21.822
45.483,21.833
45.5,21.845
45.517,21.857
45.533,21.868
45.55,21.88
45.567,21.892
45.583,21.904
45.6,21.915
45.617,21.927
45.633,21.939
45.65,21.951
45.667,21.963
45.683,21.975
45.7,21.987
45.717,21.999
45.733,22.011
45.75,22.023
45.767,22.035
45.783,22.047
45.8,22.059
45.817,22.072
45.833,22.084
45.85,22.096
45.867,22.108
45.883,22.12
45.9,22.133
45.917,22.145
45.933,22.157
45.95,22.169
45.967,22.182
45.983,22.194
46,22.206
46.017,22.219
46.033,22.231
46.05,22.243
46.067,22.256
46.083,22.268
46.1,22.281
46.117,22.293
46.133,22.305
46.15,22.318
46.167,22.33
46.183,22.343
46.2,22.355
46.217,22.368
46.233,22.38
46.25,22.392
46.267,22.405
46.283,22.417
46.3,22.43
46.317,22.442
46.333,22.455
46.35,22.467
46.367,22.48
46.383,22.492
46.4,22.505
46.417,22.517
46.433,22.529
46.45,22.542
46.467,22.554
46.483,22.567
46.5,22.579
46.517,22.592
46.533,22.604
46.55,22.616
46.567,22.629
46.583,22.641
46.6,22.654
46.617,22.666
46.633,22.678
46.65,22.691
46.667,22.703
46.683,22.715
46.7,22.728
46.717,22.74
46.733,22.752
46.75,22.765
46.767,22.777
46.783,22.789
46.8,22.801
46.817,22.813
46.833,22.826
46.85,22.838
46.867,22.85
46.883,22.862
46.9,22.874
46.917,22.886
46.933,22.898
46.95,22.91
46.967,22.922
46.983,22.934
47,22.946
47.017,22.958
47.033,22.97
47.05,22.982
47.067,22.994
47.083,23.006
47.1,23.017
47.117,23.029
47.133,23.041
47.15,23.053
47.167,23.064
47.183,23.076
47.2,23.088
47.217,23.099
47.233,23.111
47.25,23.122
47.267,23.134
47.283,23.145
47.3,23.157
47.317,23.168
47.333,23.179
47.35,23.191
47.367,23.202
47.383,23.213
47.4,23.224
47.417,23.235
47.433,23.247
47.45,23.258
47.467,23.269
47.483,23.28
47.5,23.291
47.517,23.301
47.533,23.312
47.55,23.323
47.567,23.334
47.583,23.345
47.6,23.355
47.617,23.366
47.633,23.376
47.65,23.387
47.667,23.397
47.683,23.408
47.7,23.418
47.717,23.429
47.733,23.439
47.75,23.449
47.767,23.459
47.783,23.469
47.8,23.48
47.817,23.49
47.833,23.5
47.85,23.509
47.867,23.519
47.883,23.529
47.9,23.539
47.917,23.549
47.933,23.558
47.95,23.568
47.967,23.577
47.983,23.587
48,23.596
48.017,23.606
48.033,23.615
48.05,23.624
48.067,23.633
48.083,23.642
48.1,23.651
48.117,23.66
48.133,23.669
48.15,23.678
48.167,23.687
48.183,23.696
48.2,23.705
48.217,23.713
48.233,23.722
48.25,23.73
48.267,23.739
48.283,23.747
48.3,23.755
48.317,23.764
48.333,23.772
48.35,23.78
48.367,23.788
48.383,23.796
48.4,23.804
48.417,23.812
48.433,23.819
48.45,23.827
48.467,23.835
48.483,23.842
48.5,23.85
48.517,23.857
48.533,23.864
48.55,23.872
48.567,23.879
48.583,23.886
48.6,23.893
48.617,23.9
48.633,23.907
48.65,23.913
48.667,23.92
48.683,23.927
48.7,23.933
48.717,23.94
48.733,23.946
48.75,23.952
48.767,23.958
48.783,23.965
48.8,23.971
48.817,23.977
48.833,23.982
48.85,23.988
48.867,23.994
48.883,24
48.9,24.005
48.917,24.011
48.933,24.016
48.95,24.021
48.967,24.026
48.983,24.031
49,24.036
49.017,24.041
49.033,24.046
49.05,24.051
49.067,24.056
49.083,24.06
49.1,24.065
49.117,24.069
49.133,24.073
49.15,24.078
49.167,24.082
49.183,24.086
49.2,24.09
49.217,24.094
49.233,24.097
49.25,24.101
49.267,24.105
49.283,24.108
49.3,24.111
49.317,24.115
49.333,24.118
49.35,24.121
49.367,24.124
49.383,24.127
49.4,24.13
49.417,24.132
49.433,24.135
49.45,24.137
49.467,24.14
49.483,24.142
49.5,24.144
49.517,24.147
49.533,24.149
49.55,24.15
49.567,24.152
49.583,24.154
49.6,24.156
49.617,24.157
49.633,24.159
49.65,24.16
49.667,24.161
49.683,24.162
49.7,24.163
49.717,24.164
49.733,24.165
49.75,24.166
49.767,24.166
49.783,24.167
49.8,24.167
49.817,24.167
49.833,24.168
49.85,24.168
49.867,24.168
49.883,24.168
49.9,24.167
49.917,24.167
49.933,24.167
49.95,24.166
49.967,24.165
49.983,24.165
50,24.164
50.017,24.163
50.033,24.162
50.05,24.16
50.067,24.159
50.083,24.158
50.1,24.156
50.117,24.155
50.133,24.153
50.15,24.151
50.167,24.149
50.183,24.147
50.2,24.145
50.217,24.143
50.233,24.141
50.25,24.139
50.267,24.137
50.283,24.135
50.3,24.133
50.317,24.131
50.333,24.129
50.35,24.127
50.367,24.126
50.383,24.124
50.4,24.122
50.417,24.121
50.433,24.119
50.45,24.117
50.467,24.116
50.483,24.114
50.5,24.113
50.517,24.112
50.533,24.11
50.55,24.109
50.567,24.108
50.583,24.106
50.6,24.105
50.617,24.104
50.633,24.103
50.65,24.102
50.667,24.101
50.683,24.1
50.7,24.099
50.717,24.098
50.733,24.097
50.75,24.096
50.767,24.095
50.783,24.095
50.8,24.094
50.817,24.093
50.833,24.093
50.85,24.092
50.867,24.092
50.883,24.091
50.9,24.091
50.917,24.09
50.933,24.09
50.95,24.089
50.967,24.089
50.983,24.089
51,24.089
51.017,24.088
51.033,24.088
51.05,24.088
51.067,24.088
51.083,24.088
51.1,24.088
51.117,24.088
51.133,24.088
51.15,24.088
51.167,24.088
51.183,24.089
51.2,24.089
51.217,24.089
51.233,24.09
51.25,24.09
51.267,24.09
51.283,24.091
51.3,24.091
51.317,24.092
51.333,24.092
51.35,24.093
51.367,24.094
51.383,24.094
51.4,24.095
51.417,24.096
51.433,24.097
51.45,24.098
51.467,24.099
51.483,24.099
51.5,24.1
51.517,24.101
51.533,24.103
51.55,24.104
51.567,24.105
51.583,24.106
51.6,24.107
51.617,24.108
51.633,24.11
51.65,24.111
51.667,24.112
51.683,24.114
51.7,24.115
51.717,24.117
51.733,24.118
51.75,24.12
51.767,24.122
51.783,24.123
51.8,24.125
51.817,24.127
51.833,24.128
51.85,24.13
51.867,24.132
51.883,24.134
51.9,24.136
51.917,24.138
51.933,24.14
51.95,24.142
51.967,24.144
51.983,24.146
52,24.148
52.017,24.15
52.033,24.152
52.05,24.155
52.067,24.157
52.083,24.159
52.1,24.162
52.117,24.164
52.133,24.167
52.15,24.169
52.167,24.172
52.183,24.174
52.2,24.177
52.217,24.179
52.233,24.182
52.25,24.185
52.267,24.188
52.283,24.19
52.3,24.193
52.317,24.196
52.333,24.199
52.35,24.202
52.367,24.205
52.383,24.208
52.4,24.211
52.417,24.214
52.433,24.217
52.45,24.221
52.467,24.224
52.483,24.227
52.5,24.23
52.517,24.234
52.533,24.237
52.55,24.241
52.567,24.244
52.583,24.248
52.6,24.251
52.617,24.255
52.633,24.258
52.65,24.262
52.667,24.265
52.683,24.269
52.7,24.273
52.717,24.277
52.733,24.281
52.75,24.284
52.767,24.288
52.783,24.292
52.8,24.296
52.817,24.3
52.833,24.304
52.85,24.308
52.867,24.312
52.883,24.316
52.9,24.321
52.917,24.325
52.933,24.329
52.95,24.333
52.967,24.338
52.983,24.342
53,24.346
53.017,24.351
53.033,24.355
53.05,24.36
53.067,24.364
53.083,24.369
53.1,24.373
53.117,24.378
53.133,24.383
53.15,24.387
53.167,24.392
53.183,24.397
53.2,24.402
53.217,24.406
53.233,24.411
53.25,24.416
53.267,24.421
53.283,24.426
53.3,24.431
53.317,24.436
53.333,24.441
53.35,24.446
53.367,24.451
53.383,24.456
53.4,24.462
53.417,24.467
53.433,24.472
53.45,24.477
53.467,24.483
53.483,24.488
53.5,24.493
53.517,24.499
53.533,24.504
53.55,24.51
53.567,24.515
53.583,24.521
53.6,24.526
53.617,24.532
53.633,24.537
53.65,24.543
53.667,24.549
53.683,24.554
53.7,24.56
53.717,24.566
53.733,24.571
53.75,24.577
53.767,24.583
53.783,24.589
53.8,24.595
53.817,24.601
53.833,24.607
53.85,24.613
53.867,24.619
53.883,24.625
53.9,24.631
53.917,24.637
53.933,24.643
53.95,24.649
53.967,24.655
53.983,24.661
54,24.668
54.017,24.674
54.033,24.68
54.05,24.686
54.067,24.693
54.083,24.699
54.1,24.705
54.117,24.712
54.133,24.718
54.15,24.725
54.167,24.731
54.183,24.738
54.2,24.744
54.217,24.751
54.233,24.757
54.25,24.764
54.267,24.77
54.283,24.777
54.3,24.784
54.317,24.79
54.333,24.797
54.35,24.804
54.367,24.811
54.383,24.817
54.4,24.824
54.417,24.831
54.433,24.838
54.45,24.845
54.467,24.851
54.483,24.858
54.5,24.865
54.517,24.872
54.533,24.879
54.55,24.886
54.567,24.893
54.583,24.9
54.6,24.907
54.617,24.914
54.633,24.921
54.65,24.928
54.667,24.936
54.683,24.943
54.7,24.95
54.717,24.957
54.733,24.964
54.75,24.971
54.767,24.979
54.783,24.986
54.8,24.993
54.817,25
54.833,25.008
54.85,25.015
54.867,25.022
54.883,25.03
54.9,25.037
54.917,25.044
54.933,25.052
54.95,25.059
54.967,25.067
54.983,25.074
55,25.082
55.017,25.089
55.033,25.096
55.05,25.104
55.067,25.111
55.083,25.119
55.1,25.127
55.117,25.134
55.133,25.142
55.15,25.149
55.167,25.157
55.183,25.164
55.2,25.172
55.217,25.18
55.233,25.187
55.25,25.195
55.267,25.203
55.283,25.21
55.3,25.218
55.317,25.226
55.333,25.233
55.35,25.241
55.367,25.249
55.383,25.257
55.4,25.264
55.417,25.272
55.433,25.28
55.45,25.288
55.467,25.296
55.483,25.303
55.5,25.311
55.517,25.319
55.533,25.327
55.55,25.335
55.567,25.342
55.583,25.35
55.6,25.358
55.617,25.366
55.633,25.374
55.65,25.382
55.667,25.39
55.683,25.398
55.7,25.405
55.717,25.413
55.733,25.421
55.75,25.429
55.767,25.437
55.783,25.445
55.8,25.453
55.817,25.461
55.833,25.469
55.85,25.477
55.867,25.485
55.883,25.493
55.9,25.501
55.917,25.509
55.933,25.517
55.95,25.525
55.967,25.533
55.983,25.541
56,25.549
56.017,25.557
56.033,25.565
56.05,25.573
56.067,25.581
56.083,25.589
56.1,25.597
56.117,25.605
56.133,25.613
56.15,25.621
56.167,25.629
56.183,25.637
56.2,25.645
56.217,25.653
56.233,25.661
56.25,25.669
56.267,25.677
56.283,25.685
56.3,25.693
56.317,25.701
56.333,25.709
56.35,25.717
56.367,25.725
56.383,25.733
56.4,25.741
56.417,25.749
56.433,25.757
56.45,25.765
56.467,25.773
56.483,25.781
56.5,25.789
56.517,25.797
56.533,25.805
56.55,25.813
56.567,25.821
56.583,25.829
56.6,25.837
56.617,25.845
56.633,25.853
56.65,25.861
56.667,25.869
56.683,25.877
56.7,25.885
56.717,25.893
56.733,25.901
56.75,25.909
56.767,25.917
56.783,25.925
56.8,25.933
56.817,25.94
56.833,25.948
56.85,25.956
56.867,25.964
56.883,25.972
56.9,25.98
56.917,25.988
56.933,25.996
56.95,26.003
56.967,26.011
56.983,26.019
57,26.027
57.017,26.035
57.033,26.042
57.05,26.05
57.067,26.058
57.083,26.066
57.1,26.073
57.117,26.081
57.133,26.089
57.15,26.097
57.167,26.104
57.183,26.112
57.2,26.12
57.217,26.127
57.233,26.135
57.25,26.143
57.267,26.15
57.283,26.158
57.3,26.166
57.317,26.173
57.333,26.181
57.35,26.188
57.367,26.196
57.383,26.203
57.4,26.211
57.417,26.218
57.433,26.226
57.45,26.233
57.467,26.241
57.483,26.248
57.5,26.256
57.517,26.263
57.533,26.271
57.55,26.278
57.567,26.285
57.583,26.293
57.6,26.3
57.617,26.307
57.633,26.315
57.65,26.322
57.667,26.329
57.683,26.336
57.7,26.344
57.717,26.351
57.733,26.358
57.75,26.365
57.767,26.372
57.783,26.38
57.8,26.387
57.817,26.394
57.833,26.401
57.85,26.408
57.867,26.415
57.883,26.422
57.9,26.429
57.917,26.436
57.933,26.443
57.95,26.45
57.967,26.457
57.983,26.464
58,26.471
58.017,26.478
58.033,26.484
58.05,26.491
58.067,26.498
58.083,26.505
58.1,26.512
58.117,26.518
58.133,26.525
58.15,26.532
58.167,26.538
58.183,26.545
58.2,26.552
58.217,26.558
58.233,26.565
58.25,26.571
58.267,26.578
58.283,26.584
58.3,26.591
58.317,26.597
58.333,26.604
58.35,26.61
58.367,26.617
58.383,26.623
58.4,26.629
58.417,26.636
58.433,26.642
58.45,26.648
58.467,26.654
58.483,26.661
58.5,26.667
58.517,26.673
58.533,26.679
58.55,26.685
58.567,26.691
58.583,26.697
58.6,26.665
58.617,26.633
58.633,26.601
58.65,26.569
58.667,26.537
58.683,26.505
58.7,26.473
58.717,26.441
58.733,26.409
58.75,26.377
58.767,26.345
58.783,26.313
58.8,26.281
58.817,26.249
58.833,26.218
58.85,26.186
58.867,26.154
58.883,26.122
58.9,26.091
58.917,26.059
58.933,26.027
58.95,25.995
58.967,25.964
58.983,25.932
59,25.9
59.017,25.869
59.033,25.837
59.05,25.806
59.067,25.774
59.083,25.742
59.1,25.711
59.117,25.679
59.133,25.648
59.15,25.616
59.167,25.585
59.183,25.554
59.2,25.522
59.217,25.491
59.233,25.459
59.25,25.428
59.267,25.397
59.283,25.365
59.3,25.334
59.317,25.303
59.333,25.272
59.35,25.24
59.367,25.209
59.383,25.178
59.4,25.147
59.417,25.116
59.433,25.084
59.45,25.053
59.467,25.022
59.483,24.991
59.5,24.96
59.517,24.929
59.533,24.898
59.55,24.867
59.567,24.836
59.583,24.805
59.6,24.774
59.617,24.743
59.633,24.712
59.65,24.681
59.667,24.65
59.683,24.62
59.7,24.589
59.717,24.558
59.733,24.527
59.75,24.496
59.767,24.466
59.783,24.435
59.8,24.404
59.817,24.373
59.833,24.343
59.85,24.312
59.867,24.281
59.883,24.251
59.9,24.22
59.917,24.189
59.933,24.159
59.95,24.128
59.967,24.098
59.983,24.067
60,24.037
60.017,24.006
60.033,23.976
60.05,23.945
60.067,23.915
60.083,23.884
60.1,23.854
60.117,23.824
60.133,23.793
60.15,23.763
60.167,23.733
60.183,23.702
60.2,23.672
60.217,23.642
60.233,23.611
60.25,23.581
60.267,23.551
60.283,23.521
60.3,23.491
60.317,23.46
60.333,23.43
60.35,23.4
60.367,23.37
60.383,23.34
60.4,23.31
60.417,23.28
60.433,23.25
60.45,23.22
60.467,23.19
60.483,23.16
60.5,23.13
60.517,23.1
60.533,23.07
60.55,23.04
60.567,23.01
60.583,22.98
60.6,22.95
60.617,22.921
60.633,22.891
60.65,22.861
60.667,22.831
60.683,22.801
60.7,22.772
60.717,22.742
60.733,22.712
60.75,22.682
60.767,22.653
60.783,22.623
60.8,22.593
60.817,22.564
60.833,22.534
60.85,22.505
60.867,22.475
60.883,22.445
60.9,22.416
60.917,22.386
60.933,22.357
60.95,22.327
60.967,22.298
60.983,22.268
61,22.239
61.017,22.21
61.033,22.18
61.05,22.151
61.067,22.121
61.083,22.092
61.1,22.063
61.117,22.033
61.133,22.004
61.15,21.975
61.167,21.945
61.183,21.916
61.2,21.887
61.217,21.858
61.233,21.829
61.25,21.799
61.267,21.77
61.283,21.741
61.3,21.712
61.317,21.683
61.333,21.654
61.35,21.625
61.367,21.596
61.383,21.567
61.4,21.537
61.417,21.508
61.433,21.479
61.45,21.451
61.467,21.422
61.483,21.393
61.5,21.364
61.517,21.335
61.533,21.306
61.55,21.277
61.567,21.248
61.583,21.219
61.6,21.19
61.617,21.162
61.633,21.133
61.65,21.104
61.667,21.075
61.683,21.047
61.7,21.018
61.717,20.989
61.733,20.96
61.75,20.932
61.767,20.903
61.783,20.874
61.8,20.846
61.817,20.817
61.833,20.789
61.85,20.76
61.867,20.731
61.883,20.703
61.9,20.674
61.917,20.646
61.933,20.617
61.95,20.589
61.967,20.56
61.983,20.532
62,20.504
62.017,20.475
62.033,20.447
62.05,20.418
62.067,20.39
62.083,20.362
62.1,20.333
62.117,20.305
62.133,20.277
62.15,20.248
62.167,20.22
62.183,20.192
62.2,20.164
62.217,20.135
62.233,20.107
62.25,20.079
62.267,20.051
62.283,20.023
62.3,19.995
62.317,19.967
62.333,19.938
62.35,19.91
62.367,19.882
62.383,19.854
62.4,19.826
62.417,19.798
62.433,19.77
62.45,19.742
62.467,19.714
62.483,19.686
62.5,19.658
62.517,19.63
62.533,19.602
62.55,19.575
62.567,19.547
62.583,19.519
62.6,19.491
62.617,19.463
62.633,19.435
62.65,19.407
62.667,19.38
62.683,19.352
62.7,19.324
62.717,19.296
62.733,19.269
62.75,19.241
62.767,19.213
62.783,19.186
62.8,19.158
62.817,19.13
62.833,19.103
62.85,19.075
62.867,19.047
62.883,19.02
62.9,18.992
62.917,18.965
62.933,18.937
62.95,18.91
62.967,18.882
62.983,18.855
63,18.827
63.017,18.8
63.033,18.772
63.05,18.745
63.067,18.718
63.083,18.69
63.1,18.663
63.117,18.635
63.133,18.608
63.15,18.581
63.167,18.553
63.183,18.526
63.2,18.499
63.217,18.472
63.233,18.444
63.25,18.417
63.267,18.39
63.283,18.363
63.3,18.335
63.317,18.308
63.333,18.281
63.35,18.254
63.367,18.227
63.383,18.2
63.4,18.173
63.417,18.146
63.433,18.118
63.45,18.091
63.467,18.064
63.483,18.037
63.5,18.01
63.517,17.983
63.533,17.956
63.55,17.929
63.567,17.902
63.583,17.876
63.6,17.849
63.617,17.822
63.633,17.795
63.65,17.768
63.667,17.741
63.683,17.714
63.7,17.687
63.717,17.661
63.733,17.634
63.75,17.607
63.767,17.58
63.783,17.553
63.8,17.527
63.817,17.5
63.833,17.473
63.85,17.447
63.867,17.42
63.883,17.393
63.9,17.367
63.917,17.34
63.933,17.313
63.95,17.287
63.967,17.26
63.983,17.234
64,17.207
64.017,17.18
64.033,17.154
64.05,17.127
64.067,17.101
64.083,17.074
64.1,17.048
64.117,17.021
64.133,16.995
64.15,16.969
64.167,16.942
64.183,16.916
64.2,16.889
64.217,16.863
64.233,16.837
64.25,16.81
64.267,16.784
64.283,16.758
64.3,16.731
64.317,16.705
64.333,16.679
64.35,16.653
64.367,16.626
64.383,16.6
64.4,16.574
64.417,16.548
64.433,16.522
64.45,16.495
64.467,16.469
64.483,16.443
64.5,16.417
64.517,16.391
64.533,16.365
64.55,16.339
64.567,16.313
64.583,16.287
64.6,16.261
64.617,16.235
64.633,16.208
64.65,16.183
64.667,16.157
64.683,16.131
64.7,16.105
64.717,16.079
64.733,16.053
64.75,16.027
64.767,16.001
64.783,15.975
64.8,15.949
64.817,15.923
64.833,15.898
64.85,15.872
64.867,15.846
64.883,15.82
64.9,15.794
64.917,15.769
64.933,15.743
64.95,15.717
64.967,15.691
64.983,15.666
65,15.64
65.017,15.614
65.033,15.589
65.05,15.563
65.067,15.537
65.083,15.512
65.1,15.486
65.117,15.46
65.133,15.435
65.15,15.409
65.167,15.384
65.183,15.358
65.2,15.333
65.217,15.307
65.233,15.282
65.25,15.256
65.267,15.231
65.283,15.205
65.3,15.18
65.317,15.154
65.333,15.129
65.35,15.103
65.367,15.078
65.383,15.053
65.4,15.027
65.417,15.002
65.433,14.977
65.45,14.951
65.467,14.926
65.483,14.901
65.5,14.875
65.517,14.85
65.533,14.825
65.55,14.8
65.567,14.774
65.583,14.749
65.6,14.724
65.617,14.699
65.633,14.674
65.65,14.649
65.667,14.623
65.683,14.598
65.7,14.573
65.717,14.548
65.733,14.523
65.75,14.498
65.767,14.473
65.783,14.448
65.8,14.423
65.817,14.398
65.833,14.373
65.85,14.348
65.867,14.323
65.883,14.298
65.9,14.273
65.917,14.248
65.933,14.223
65.95,14.198
65.967,14.173
65.983,14.148
66,14.123
66.017,14.098
66.033,14.074
66.05,14.049
66.067,14.024
66.083,13.999
66.1,13.974
66.117,13.95
66.133,13.925
66.15,13.9
66.167,13.875
66.183,13.851
66.2,13.826
66.217,13.801
66.233,13.776
66.25,13.752
66.267,13.727
66.283,13.702
66.3,13.678
66.317,13.653
66.333,13.629
66.35,13.604
66.367,13.579
66.383,13.555
66.4,13.53
66.417,13.506
66.433,13.481
66.45,13.457
66.467,13.432
66.483,13.408
66.5,13.383
66.517,13.359
66.533,13.334
66.55,13.31
66.567,13.285
66.583,13.261
66.6,13.237
66.617,13.212
66.633,13.188
66.65,13.163
66.667,13.139
66.683,13.115
66.7,13.09
66.717,13.066
66.733,13.042
66.75,13.017
66.767,12.993
66.783,12.969
66.8,12.945
66.817,12.92
66.833,12.896
66.85,12.872
66.867,12.848
66.883,12.824
66.9,12.799
66.917,12.775
66.933,12.751
66.95,12.727
66.967,12.703
66.983,12.679
67,12.655
67.017,12.631
67.033,12.607
67.05,12.582
67.067,12.558
67.083,12.534
67.1,12.51
67.117,12.486
67.133,12.462
67.15,12.438
67.167,12.414
67.183,12.39
67.2,12.367
67.217,12.343
67.233,12.319
67.25,12.295
67.267,12.271
67.283,12.247
67.3,12.223
67.317,12.199
67.333,12.175
67.35,12.152
67.367,12.128
67.383,12.104
67.4,12.08
67.417,12.056
67.433,12.033
67.45,12.009
67.467,11.985
67.483,11.961
67.5,11.938
67.517,11.914
67.533,11.89
67.55,11.867
67.567,11.843
67.583,11.819
67.6,11.796
67.617,11.772
67.633,11.748
67.65,11.725
67.667,11.701
67.683,11.678
67.7,11.654
67.717,11.63
67.733,11.607
67.75,11.583
67.767,11.56
67.783,11.536
67.8,11.513
67.817,11.489
67.833,11.466
67.85,11.442
67.867,11.419
67.883,11.395
67.9,11.372
67.917,11.349
67.933,11.325
67.95,11.302
67.967,11.278
67.983,11.255
68,11.232
68.017,11.208
68.033,11.185
68.05,11.162
68.067,11.138
68.083,11.115
68.1,11.092
68.117,11.069
68.133,11.045
68.15,11.022
68.167,10.999
68.183,10.976
68.2,10.952
68.217,10.929
68.233,10.906
68.25,10.883
68.267,10.86
68.283,10.837
68.3,10.813
68.317,10.79
68.333,10.767
68.35,10.744
68.367,10.721
68.383,10.698
68.4,10.675
68.417,10.652
68.433,10.629
68.45,10.606
68.467,10.583
68.483,10.56
68.5,10.537
68.517,10.514
68.533,10.491
68.55,10.468
68.567,10.445
68.583,10.422
68.6,10.399
68.617,10.376
68.633,10.353
68.65,10.33
68.667,10.307
68.683,10.285
68.7,10.262
68.717,10.239
68.733,10.216
68.75,10.193
68.767,10.17
68.783,10.148
68.8,10.125
68.817,10.102
68.833,10.079
68.85,10.057
68.867,10.034
68.883,10.011
68.9,9.9884
68.917,9.9657
68.933,9.943
68.95,9.9204
68.967,9.8977
68.983,9.875
69,9.8524
69.017,9.8298
69.033,9.8071
69.05,9.7845
69.067,9.7619
69.083,9.7393
69.1,9.7168
69.117,9.6942
69.133,9.6716
69.15,9.6491
69.167,9.6266
69.183,9.6041
69.2,9.5815
69.217,9.5591
69.233,9.5366
69.25,9.5141
69.267,9.4916
69.283,9.4692
69.3,9.4467
69.317,9.4243
69.333,9.4019
69.35,9.3795
69.367,9.3571
69.383,9.3347
69.4,9.3124
69.417,9.29
69.433,9.2676
69.45,9.2453
69.467,9.223
69.483,9.2007
69.5,9.1784
69.517,9.1561
69.533,9.1338
69.55,9.1115
69.567,9.0893
69.583,9.067
69.6,9.0448
69.617,9.0226
69.633,9.0003
69.65,8.9781
69.667,8.956
69.683,8.9338
69.7,8.9116
69.717,8.8894
69.733,8.8673
69.75,8.8452
69.767,8.823
69.783,8.8009
69.8,8.7788
69.817,8.7567
69.833,8.7347
69.85,8.7126
69.867,8.6905
69.883,8.6685
69.9,8.6465
69.917,8.6244
69.933,8.6024
69.95,8.5804
69.967,8.5584
69.983,8.5364
70,8.5145
70.017,8.4925
70.033,8.4706
70.05,8.4486
70.067,8.4267
70.083,8.4048
70.1,8.3829
70.117,8.361
70.133,8.3391
70.15,8.3172
70.167,8.2954
70.183,8.2735
70.2,8.2517
70.217,8.2299
70.233,8.2081
70.25,8.1862
70.267,8.1645
70.283,8.1427
70.3,8.1209
70.317,8.0991
70.333,8.0774
70.35,8.0556
70.367,8.0339
70.383,8.0122
70.4,7.9905
70.417,7.9688
70.433,7.9471
70.45,7.9254
70.467,7.9038
70.483,7.8821
70.5,7.8605
70.517,7.8388
70.533,7.8172
70.55,7.7956
70.567,7.774
70.583,7.7524
70.6,7.7308
70.617,7.7093
70.633,7.6877
70.65,7.6662
70.667,7.6446
70.683,7.6231
70.7,7.6016
70.717,7.5801
70.733,7.5586
70.75,7.5371
70.767,7.5156
70.783,7.4942
70.8,7.4727
70.817,7.4513
70.833,7.4298
70.85,7.4084
70.867,7.387
70.883,7.3656
70.9,7.3442
70.917,7.3228
70.933,7.3015
70.95,7.2801
70.967,7.2588
70.983,7.2374
71,7.2161
71.017,7.1948
71.033,7.1735
71.05,7.1522
71.067,7.1309
71.083,7.1096
71.1,7.0884
71.117,7.0671
71.133,7.0459
71.15,7.0247
71.167,7.0034
71.183,6.9822
71.2,6.961
71.217,6.9398
71.233,6.9187
71.25,6.8975
71.267,6.8763
71.283,6.8552
71.3,6.8341
71.317,6.8129
71.333,6.7918
71.35,6.7707
71.367,6.7496
71.383,6.7285
71.4,6.7074
71.417,6.6864
71.433,6.6653
71.45,6.6443
71.467,6.6232
71.483,6.6022
71.5,6.5812
71.517,6.5602
71.533,6.5392
71.55,6.5182
71.567,6.4973
71.583,6.4763
71.6,6.4553
71.617,6.4344
71.633,6.4135
71.65,6.3925
71.667,6.3716
71.683,6.3507
71.7,6.3298
71.717,6.309
71.733,6.2881
71.75,6.2672
71.767,6.2464
71.783,6.2255
71.8,6.2047
71.817,6.1839
71.833,6.1631
71.85,6.1423
71.867,6.1215
71.883,6.1007
71.9,6.0799
71.917,6.0592
71.933,6.0384
71.95,6.0177
71.967,5.997
71.983,5.9762
72,5.9555
72.017,5.9348
72.033,5.9141
72.05,5.8935
72.067,5.8728
72.083,5.8521
72.1,5.8315
72.117,5.8108
72.133,5.7902
72.15,5.7696
72.167,5.749
72.183,5.7284
72.2,5.7078
72.217,5.6872
72.233,5.6666
72.25,5.6461
72.267,5.6255
72.283,5.605
72.3,5.5845
72.317,5.5639
72.333,5.5434
72.35,5.5229
72.367,5.5024
72.383,5.482
72.4,5.4615
72.417,5.441
72.433,5.4206
72.45,5.4001
72.467,5.3797
72.483,5.3593
72.5,5.3389
72.517,5.3185
72.533,5.2981
72.55,5.2777
72.567,5.2573
72.583,5.2369
72.6,5.2166
72.617,5.1962
72.633,5.1759
72.65,5.1556
72.667,5.1353
72.683,5.115
72.7,5.0947
72.717,5.0744
72.733,5.0541
72.75,5.0338
72.767,5.0136
72.783,4.9933
72.8,4.9731
72.817,4.9529
72.833,4.9327
72.85,4.9124
72.867,4.8922
72.883,4.8721
72.9,4.8519
72.917,4.8317
72.933,4.8116
72.95,4.7914
72.967,4.7713
72.983,4.7511
73,4.731
73.017,4.7109
73.033,4.6908
73.05,4.6707
73.067,4.6506
73.083,4.6305
73.1,4.6105
73.117,4.5904
73.133,4.5704
73.15,4.5503
73.167,4.5303
73.183,4.5103
73.2,4.4903
73.217,4.4703
73.233,4.4503
73.25,4.4303
73.267,4.4104
73.283,4.3904
73.3,4.3704
73.317,4.3505
73.333,4.3306
73.35,4.3106
73.367,4.2907
73.383,4.2708
73.4,4.2509
73.417,4.2311
73.433,4.2112
73.45,4.1913
73.467,4.1715
73.483,4.1516
73.5,4.1318
73.517,4.1119
73.533,4.0921
73.55,4.0723
73.567,4.0525
73.583,4.0327
73.6,4.0129
73.617,3.9932
73.633,3.9734
73.65,3.9537
73.667,3.9339
73.683,3.9142
73.7,3.8944
73.717,3.8747
73.733,3.855
73.75,3.8353
73.767,3.8156
73.783,3.796
73.8,3.7763
73.817,3.7566
73.833,3.737
73.85,3.7173
73.867,3.6977
73.883,3.6781
73.9,3.6585
73.917,3.6389
73.933,3.6193
73.95,3.5997
73.967,3.5801
73.983,3.5605
74,3.541
74.017,3.5214
74.033,3.5019
74.05,3.4823
74.067,3.4628
74.083,3.4433
74.1,3.4238
74.117,3.4043
74.133,3.3848
74.15,3.3653
74.167,3.3459
74.183,3.3264
74.2,3.307
74.217,3.2875
74.233,3.2681
74.25,3.2487
74.267,3.2293
74.283,3.2098
74.3,3.1905
74.317,3.1711
74.333,3.1517
74.35,3.1323
74.367,3.113
74.383,3.0936
74.4,3.0743
74.417,3.0549
74.433,3.0356
74.45,3.0163
74.467,2.997
74.483,2.9777
74.5,2.9584
74.517,2.9391
74.533,2.9199
74.55,2.9006
74.567,2.8813
74.583,2.8621
74.6,2.8429
74.617,2.8236
74.633,2.8044
74.65,2.7852
74.667,2.766
74.683,2.7468
74.7,2.7276
74.717,2.7085
74.733,2.6893
74.75,2.6702
74.767,2.651
74.783,2.6319
74.8,2.6128
74.817,2.5936
74.833,2.5745
74.85,2.5554
74.867,2.5363
74.883,2.5172
74.9,2.4982
74.917,2.4791
74.933,2.46
74.95,2.441
74.967,2.422
74.983,2.4029
75,2.3839
75.017,2.3649
75.033,2.3459
75.05,2.3269
75.067,2.3079
75.083,2.2889
75.1,2.27
75.117,2.251
75.133,2.2321
75.15,2.2131
75.167,2.1942
75.183,2.1752
75.2,2.1563
75.217,2.1374
75.233,2.1185
75.25,2.0996
75.267,2.0807
75.283,2.0619
75.3,2.043
75.317,2.0242
75.333,2.0053
75.35,1.9865
75.367,1.9676
75.383,1.9488
75.4,1.93
75.417,1.9112
75.433,1.8924
75.45,1.8736
75.467,1.8548
75.483,1.8361
75.5,1.8173
75.517,1.7986
75.533,1.7798
75.55,1.7611
75.567,1.7423
75.583,1.7236
75.6,1.7049
75.617,1.6862
75.633,1.6675
75.65,1.6488
75.667,1.6301
75.683,1.6115
75.7,1.5928
75.717,1.5742
75.733,1.5555
75.75,1.5369
75.767,1.5182
75.783,1.4996
75.8,1.481
75.817,1.4624
75.833,1.4438
75.85,1.4252
75.867,1.4067
75.883,1.3881
75.9,1.3695
75.917,1.351
75.933,1.3324
75.95,1.3139
75.967,1.2954
75.983,1.2769
76,1.2584
76.017,1.2399
76.033,1.2214
76.05,1.2029
76.067,1.1844
76.083,1.1659
76.1,1.1475
76.117,1.129
76.133,1.1106
76.15,1.0922
76.167,1.0737
76.183,1.0553
76.2,1.0369
76.217,1.0185
76.233,1.0001
76.25,0.98174
76.267,0.96337
76.283,0.945
76.3,0.92664
76.317,0.90829
76.333,0.88995
76.35,0.87162
76.367,0.85329
76.383,0.83498
76.4,0.81667
76.417,0.79837
76.433,0.78008
76.45,0.76179
76.467,0.74352
76.483,0.72525
76.5,0.70699
76.517,0.68874
76.533,0.6705
76.55,0.65226
76.567,0.63404
76.583,0.61582
76.6,0.59761
76.617,0.57941
76.633,0.56121
76.65,0.54303
76.667,0.52486
76.683,0.50669
76.7,0.48853
76.717,0.47038
76.733,0.45224
76.75,0.4341
76.767,0.41597
76.783,0.39786
76.8,0.37975
76.817,0.36164
76.833,0.34355
76.85,0.32546
76.867,0.30739
76.883,0.28932
76.9,0.27125
76.917,0.2532
76.933,0.23515
76.95,0.21712
76.967,0.19909
76.983,0.18107
77,0.16305
77.017,0.14505
77.033,0.12705
77.05,0.10906
77.067,0.09108
77.083,0.073107
77.1,0.055142
77.117,0.037185
77.133,0.019236
77.15,0.001295
77.167,-0.016638
77.183,-0.034563
77.2,-0.05248
77.217,-0.070389
77.233,-0.088291
77.25,-0.10618
77.267,-0.12407
77.283,-0.14195
77.3,-0.15982
77.317,-0.17768
77.333,-0.19553
77.35,-0.21338
77.367,-0.23121
77.383,-0.24904
77.4,-0.26686
77.417,-0.28468
77.433,-0.30248
77.45,-0.32028
77.467,-0.33807
77.483,-0.35585
77.5,-0.37363
77.517,-0.3914
77.533,-0.40915
77.55,-0.4269
77.567,-0.44465
77.583,-0.46238
77.6,-0.48011
77.617,-0.49783
77.633,-0.51554
77.65,-0.53324
77.667,-0.55094
77.683,-0.56863
77.7,-0.58631
77.717,-0.60398
77.733,-0.62164
77.75,-0.6393
77.767,-0.65695
77.783,-0.67459
77.8,-0.69222
77.817,-0.70985
77.833,-0.72747
77.85,-0.74508
77.867,-0.76268
77.883,-0.78027
77.9,-0.79786
77.917,-0.81544
77.933,-0.83301
77.95,-0.85057
77.967,-0.86813
77.983,-0.88568
78,-0.90322
78.017,-0.92075
78.033,-0.93828
78.05,-0.95579
78.067,-0.9733
78.083,-0.9908
78.1,-1.0083
78.117,-1.0258
78.133,-1.0433
78.15,-1.0607
78.167,-1.0782
78.183,-1.0957
78.2,-1.1131
78.217,-1.1305
78.233,-1.148
78.25,-1.1654
78.267,-1.1828
78.283,-1.2002
78.3,-1.2176
78.317,-1.235
78.333,-1.2524
78.35,-1.2698
78.367,-1.2872
78.383,-1.3045
78.4,-1.3219
78.417,-1.3392
78.433,-1.3566
78.45,-1.3739
78.467,-1.3912
78.483,-1.4086
78.5,-1.4259
78.517,-1.4432
78.533,-1.4605
78.55,-1.4778
78.567,-1.495
78.583,-1.5123
78.6,-1.5296
78.617,-1.5468
78.633,-1.5641
78.65,-1.5813
78.667,-1.5986
78.683,-1.6158
78.7,-1.633
78.717,-1.6502
78.733,-1.6674
78.75,-1.6846
78.767,-1.7018
78.783,-1.719
78.8,-1.7362
78.817,-1.7533
78.833,-1.7705
78.85,-1.7877
78.867,-1.8048
78.883,-1.8219
78.9,-1.8391
78.917,-1.8562
78.933,-1.8733
78.95,-1.8904
78.967,-1.9075
78.983,-1.9246
79,-1.9417
79.017,-1.9588
79.033,-1.9759
79.05,-1.9929
79.067,-2.01
79.083,-2.027
79.1,-2.0441
79.117,-2.0611
79.133,-2.0781
79.15,-2.0951
79.167,-2.1122
79.183,-2.1292
79.2,-2.1462
79.217,-2.1632
79.233,-2.1801
79.25,-2.1971
79.267,-2.2141
79.283,-2.231
79.3,-2.248
79.317,-2.2649
79.333,-2.2819
79.35,-2.2988
79.367,-2.3157
79.383,-2.3327
79.4,-2.3496
79.417,-2.3665
79.433,-2.3834
79.45,-2.4003
79.467,-2.4171
79.483,-2.434
79.5,-2.4509
79.517,-2.4677
79.533,-2.4846
79.55,-2.5014
79.567,-2.5183
79.583,-2.5351
79.6,-2.5519
79.617,-2.5687
79.633,-2.5856
79.65,-2.6024
79.667,-2.6191
79.683,-2.6359
79.7,-2.6527
79.717,-2.6695
79.733,-2.6863
79.75,-2.703
79.767,-2.7198
79.783,-2.7365
79.8,-2.7532
79.817,-2.77
79.833,-2.7867
79.85,-2.8034
79.867,-2.8201
79.883,-2.8368
79.9,-2.8535
79.917,-2.8702
79.933,-2.8869
79.95,-2.9036
79.967,-2.9202
79.983,-2.9369
80,-2.9535
80.017,-2.9702
80.033,-2.9868
80.05,-3.0034
80.067,-3.0201
80.083,-3.0367
80.1,-3.0533
80.117,-3.0699
80.133,-3.0865
80.15,-3.1031
80.167,-3.1196
80.183,-3.1362
80.2,-3.1528
80.217,-3.1693
80.233,-3.1859
80.25,-3.2024
80.267,-3.219
80.283,-3.2355
80.3,-3.252
80.317,-3.2686
80.333,-3.2851
80.35,-3.3016
80.367,-3.3181
80.383,-3.3345
80.4,-3.351
80.417,-3.3675
80.433,-3.384
80.45,-3.4004
80.467,-3.4169
80.483,-3.4333
80.5,-3.4498
80.517,-3.4662
80.533,-3.4826
80.55,-3.4991
80.567,-3.5155
80.583,-3.5319
80.6,-3.5483
80.617,-3.5647
80.633,-3.581
80.65,-3.5974
80.667,-3.6138
80.683,-3.6302
80.7,-3.6465
80.717,-3.6629
80.733,-3.6792
80.75,-3.6955
80.767,-3.7119
80.783,-3.7282
80.8,-3.7445
80.817,-3.7608
80.833,-3.7771
80.85,-3.7934
80.867,-3.8097
80.883,-3.826
80.9,-3.8423
80.917,-3.8585
80.933,-3.8748
80.95,-3.891
80.967,-3.9073
80.983,-3.9235
81,-3.9398
81.017,-3.956
81.033,-3.9722
81.05,-3.9884
81.067,-4.0046
81.083,-4.0208
81.1,-4.037
81.117,-4.0532
81.133,-4.0694
81.15,-4.0855
81.167,-4.1017
81.183,-4.1179
81.2,-4.134
81.217,-4.1502
81.233,-4.1663
81.25,-4.1824
81.267,-4.1986
81.283,-4.2147
81.3,-4.2308
81.317,-4.2469
81.333,-4.263
81.35,-4.2791
81.367,-4.2952
81.383,-4.3112
81.4,-4.3273
81.417,-4.3434
81.433,-4.3594
81.45,-4.3755
81.467,-4.3915
81.483,-4.4076
81.5,-4.4236
81.517,-4.4396
81.533,-4.4556
81.55,-4.4716
81.567,-4.4876
81.583,-4.5036
81.6,-4.5196
81.617,-4.5356
81.633,-4.5516
81.65,-4.5676
81.667,-4.5835
81.683,-4.5995
81.7,-4.6154
81.717,-4.6314
81.733,-4.6473
81.75,-4.6632
81.767,-4.6792
81.783,-4.6951
81.8,-4.711
81.817,-4.7269
81.833,-4.7428
81.85,-4.7587
81.867,-4.7746
81.883,-4.7904
81.9,-4.8063
81.917,-4.8222
81.933,-4.838
81.95,-4.8539
81.967,-4.8697
81.983,-4.8856
82,-4.9014
82.017,-4.9172
82.033,-4.933
82.05,-4.9488
82.067,-4.9647
82.083,-4.9805
82.1,-4.9962
82.117,-5.012
82.133,-5.0278
82.15,-5.0436
82.167,-5.0593
82.183,-5.0751
82.2,-5.0909
82.217,-5.1066
82.233,-5.1223
82.25,-5.1381
82.267,-5.1538
82.283,-5.1695
82.3,-5.1852
82.317,-5.2009
82.333,-5.2166
82.35,-5.2323
82.367,-5.248
82.383,-5.2637
82.4,-5.2794
82.417,-5.295
82.433,-5.3107
82.45,-5.3264
82.467,-5.342
82.483,-5.3577
82.5,-5.3733
82.517,-5.3889
82.533,-5.4045
82.55,-5.4202
82.567,-5.4358
82.583,-5.4514
82.6,-5.467
82.617,-5.4826
82.633,-5.4982
82.65,-5.5137
82.667,-5.5293
82.683,-5.5449
82.7,-5.5604
82.717,-5.576
82.733,-5.5915
82.75,-5.6071
82.767,-5.6226
82.783,-5.6381
82.8,-5.6536
82.817,-5.6692
82.833,-5.6847
82.85,-5.7002
82.867,-5.7157
82.883,-5.7312
82.9,-5.7466
82.917,-5.7621
82.933,-5.7776
82.95,-5.793
82.967,-5.8085
82.983,-5.824
83,-5.8394
83.017,-5.8548
83.033,-5.8703
83.05,-5.8857
83.067,-5.9011
83.083,-5.9165
83.1,-5.9319
83.117,-5.9473
83.133,-5.9627
83.15,-5.9781
83.167,-5.9935
83.183,-6.0089
83.2,-6.0242
83.217,-6.0396
83.233,-6.055
83.25,-6.0703
83.267,-6.0857
83.283,-6.101
83.3,-6.1163
83.317,-6.1317
83.333,-6.147
83.35,-6.1623
83.367,-6.1776
83.383,-6.1929
83.4,-6.2082
83.417,-6.2235
83.433,-6.2388
83.45,-6.254
83.467,-6.2693
83.483,-6.2846
83.5,-6.2998
83.517,-6.3151
83.533,-6.3303
83.55,-6.3456
83.567,-6.3608
83.583,-6.376
83.6,-6.3912
83.617,-6.4065
83.633,-6.4217
83.65,-6.4369
83.667,-6.4521
83.683,-6.4673
83.7,-6.4824
83.717,-6.4976
83.733,-6.5128
83.75,-6.5279
83.767,-6.5431
83.783,-6.5583
83.8,-6.5734
83.817,-6.5885
83.833,-6.6037
83.85,-6.6188
83.867,-6.6339
83.883,-6.649
83.9,-6.6642
83.917,-6.6793
83.933,-6.6944
83.95,-6.7094
83.967,-6.7245
83.983,-6.7396
84,-6.7547
84.017,-6.7698
84.033,-6.7848
84.05,-6.7999
84.067,-6.8149
84.083,-6.83
84.1,-6.845
84.117,-6.86
84.133,-6.8751
84.15,-6.8901
84.167,-6.9051
84.183,-6.9201
84.2,-6.9351
84.217,-6.9501
84.233,-6.9651
84.25,-6.9801
84.267,-6.995
84.283,-7.01
84.3,-7.025
84.317,-7.0399
84.333,-7.0549
84.35,-7.0698
84.367,-7.0848
84.383,-7.0997
84.4,-7.1146
84.417,-7.1296
84.433,-7.1445
84.45,-7.1594
84.467,-7.1743
84.483,-7.1892
84.5,-7.2041
84.517,-7.219
84.533,-7.2338
84.55,-7.2487
84.567,-7.2636
84.583,-7.2785
84.6,-7.2933
84.617,-7.3082
84.633,-7.323
84.65,-7.3378
84.667,-7.3527
84.683,-7.3675
84.7,-7.3823
84.717,-7.3971
84.733,-7.412
84.75,-7.4268
84.767,-7.4416
84.783,-7.4563
84.8,-7.4711
84.817,-7.4859
84.833,-7.5007
84.85,-7.5155
84.867,-7.5302
84.883,-7.545
84.9,-7.5597
84.917,-7.5745
84.933,-7.5892
84.95,-7.6039
84.967,-7.6187
84.983,-7.6334
85,-7.6481
85.017,-7.6628
85.033,-7.6775
85.05,-7.6922
85.067,-7.7069
85.083,-7.7216
85.1,-7.7363
85.117,-7.751
85.133,-7.7656
85.15,-7.7803
85.167,-7.7949
85.183,-7.8096
85.2,-7.8242
85.217,-7.8389
85.233,-7.8535
85.25,-7.8681
85.267,-7.8828
85.283,-7.8974
85.3,-7.912
85.317,-7.9266
85.333,-7.9412
85.35,-7.9558
85.367,-7.9704
85.383,-7.985
85.4,-7.9995
85.417,-8.0141
85.433,-8.0287
85.45,-8.0432
85.467,-8.0578
85.483,-8.0723
85.5,-8.0869
85.517,-8.1014
85.533,-8.1159
85.55,-8.1305
85.567,-8.145
85.583,-8.1595
85.6,-8.174
85.617,-8.1885
85.633,-8.203
85.65,-8.2175
85.667,-8.232
85.683,-8.2465
85.7,-8.2609
85.717,-8.2754
85.733,-8.2899
85.75,-8.3043
85.767,-8.3188
85.783,-8.3332
85.8,-8.3477
85.817,-8.3621
85.833,-8.3765
85.85,-8.3909
85.867,-8.4054
85.883,-8.4198
85.9,-8.4342
85.917,-8.4486
85.933,-8.463
85.95,-8.4774
85.967,-8.4917
85.983,-8.5061
86,-8.5205
86.017,-8.5349
86.033,-8.5492
86.05,-8.5636
86.067,-8.5779
86.083,-8.5923
86.1,-8.6066
86.117,-8.6209
86.133,-8.6353
86.15,-8.6496
86.167,-8.6639
86.183,-8.6782
86.2,-8.6925
86.217,-8.7068
86.233,-8.7211
86.25,-8.7354
86.267,-8.7497
86.283,-8.7639
86.3,-8.7782
86.317,-8.7925
86.333,-8.8067
86.35,-8.821
86.367,-8.8352
86.383,-8.8495
86.4,-8.8637
86.417,-8.8779
86.433,-8.8922
86.45,-8.9064
86.467,-8.9206
86.483,-8.9348
86.5,-8.949
86.517,-8.9632
86.533,-8.9774
86.55,-8.9916
86.567,-9.0058
86.583,-9.02
86.6,-9.0341
86.617,-9.0483
86.633,-9.0625
86.65,-9.0766
86.667,-9.0908
86.683,-9.1049
86.7,-9.119
86.717,-9.1332
86.733,-9.1473
86.75,-9.1614
86.767,-9.1755
86.783,-9.1896
86.8,-9.2038
86.817,-9.2179
86.833,-9.2319
86.85,-9.246
86.867,-9.2601
86.883,-9.2742
86.9,-9.2883
86.917,-9.3023
86.933,-9.3164
86.95,-9.3305
86.967,-9.3445
86.983,-9.3586
87,-9.3726
87.017,-9.3866
87.033,-9.4007
87.05,-9.4147
87.067,-9.4287
87.083,-9.4427
87.1,-9.4567
87.117,-9.4707
87.133,-9.4847
87.15,-9.4987
87.167,-9.5127
87.183,-9.5267
87.2,-9.5406
87.217,-9.5546
87.233,-9.5686
87.25,-9.5825
87.267,-9.5965
87.283,-9.6104
87.3,-9.6244
87.317,-9.6383
87.333,-9.6523
87.35,-9.6662
87.367,-9.6801
87.383,-9.694
87.4,-9.7079
87.417,-9.7218
87.433,-9.7357
87.45,-9.7496
87.467,-9.7635
87.483,-9.7774
87.5,-9.7913
87.517,-9.8052
87.533,-9.819
87.55,-9.8329
87.567,-9.8467
87.583,-9.8606
87.6,-9.8744
87.617,-9.8883
87.633,-9.9021
87.65,-9.9159
87.667,-9.9298
87.683,-9.9436
87.7,-9.9574
87.717,-9.9712
87.733,-9.985
87.75,-9.9988
87.767,-10.013
87.783,-10.026
87.8,-10.04
87.817,-10.054
87.833,-10.068
87.85,-10.082
87.867,-10.095
87.883,-10.109
87.9,-10.123
87.917,-10.137
87.933,-10.15
87.95,-10.164
87.967,-10.178
87.983,-10.191
88,-10.205
88.017,-10.219
88.033,-10.233
88.05,-10.246
88.067,-10.26
88.083,-10.274
88.1,-10.287
88.117,-10.301
88.133,-10.315
88.15,-10.328
88.167,-10.342
88.183,-10.356
88.2,-10.369
88.217,-10.383
88.233,-10.397
88.25,-10.41
88.267,-10.424
88.283,-10.438
88.3,-10.451
88.317,-10.465
88.333,-10.478
88.35,-10.492
88.367,-10.506
88.383,-10.519
88.4,-10.533
88.417,-10.546
88.433,-10.56
88.45,-10.574
88.467,-10.587
88.483,-10.601
88.5,-10.614
88.517,-10.628
88.533,-10.641
88.55,-10.655
88.567,-10.669
88.583,-10.682
88.6,-10.696
88.617,-10.709
88.633,-10.723
88.65,-10.736
88.667,-10.75
88.683,-10.763
88.7,-10.777
88.717,-10.79
88.733,-10.804
88.75,-10.817
88.767,-10.831
88.783,-10.844
88.8,-10.858
88.817,-10.871
88.833,-10.885
88.85,-10.898
88.867,-10.911
88.883,-10.925
88.9,-10.938
88.917,-10.952
88.933,-10.965
88.95,-10.979
88.967,-10.992
88.983,-11.006
89,-11.019
89.017,-11.032
89.033,-11.046
89.05,-11.059
89.067,-11.073
89.083,-11.086
89.1,-11.099
89.117,-11.113
89.133,-11.126
89.15,-11.139
89.167,-11.153
89.183,-11.166
89.2,-11.179
89.217,-11.193
89.233,-11.206
89.25,-11.219
89.267,-11.233
89.283,-11.246
89.3,-11.259
89.317,-11.273
89.333,-11.286
89.35,-11.299
89.367,-11.313
89.383,-11.326
89.4,-11.339
89.417,-11.353
89.433,-11.366
89.45,-11.379
89.467,-11.392
89.483,-11.406
89.5,-11.419
89.517,-11.432
89.533,-11.445
89.55,-11.459
89.567,-11.472
89.583,-11.485
89.6,-11.498
89.617,-11.512
89.633,-11.525
89.65,-11.538
89.667,-11.551
89.683,-11.564
89.7,-11.578
89.717,-11.591
89.733,-11.604
89.75,-11.617
89.767,-11.63
89.783,-11.644
89.8,-11.657
89.817,-11.67
89.833,-11.683
89.85,-11.696
89.867,-11.709
89.883,-11.723
89.9,-11.736
89.917,-11.749
89.933,-11.762
89.95,-11.775
89.967,-11.788
89.983,-11.801
90,-11.815
90.017,-11.828
90.033,-11.841
90.05,-11.854
90.067,-11.867
90.083,-11.88
90.1,-11.893
90.117,-11.906
90.133,-11.919
90.15,-11.932
90.167,-11.945
90.183,-11.958
90.2,-11.972
90.217,-11.985
90.233,-11.998
90.25,-12.011
90.267,-12.024
90.283,-12.037
90.3,-12.05
90.317,-12.063
90.333,-12.076
90.35,-12.089
90.367,-12.102
90.383,-12.115
90.4,-12.128
90.417,-12.141
90.433,-12.154
90.45,-12.167
90.467,-12.18
90.483,-12.193
90.5,-12.206
90.517,-12.219
90.533,-12.232
90.55,-12.245
90.567,-12.258
90.583,-12.27
90.6,-12.283
90.617,-12.296
90.633,-12.309
90.65,-12.322
90.667,-12.335
90.683,-12.348
90.7,-12.361
90.717,-12.374
90.733,-12.387
90.75,-12.4
90.767,-12.413
90.783,-12.425
90.8,-12.438
90.817,-12.451
90.833,-12.464
90.85,-12.477
90.867,-12.49
90.883,-12.503
90.9,-12.516
90.917,-12.528
90.933,-12.541
90.95,-12.554
90.967,-12.567
90.983,-12.58
91,-12.593
91.017,-12.605
91.033,-12.618
91.05,-12.631
91.067,-12.644
91.083,-12.657
91.1,-12.669
91.117,-12.682
91.133,-12.695
91.15,-12.708
91.167,-12.721
91.183,-12.733
91.2,-12.746
91.217,-12.759
91.233,-12.772
91.25,-12.784
91.267,-12.797
91.283,-12.81
91.3,-12.823
91.317,-12.835
91.333,-12.848
91.35,-12.861
91.367,-12.874
91.383,-12.886
91.4,-12.899
91.417,-12.912
91.433,-12.924
91.45,-12.937
91.467,-12.95
91.483,-12.963
91.5,-12.975
91.517,-12.988
91.533,-13.001
91.55,-13.013
91.567,-13.026
91.583,-13.039
91.6,-13.051
91.617,-13.064
91.633,-13.077
91.65,-13.089
91.667,-13.102
91.683,-13.114
91.7,-13.127
91.717,-13.14
91.733,-13.152
91.75,-13.165
91.767,-13.178
91.783,-13.19
91.8,-13.203
91.817,-13.215
91.833,-13.228
91.85,-13.241
91.867,-13.253
91.883,-13.266
91.9,-13.278
91.917,-13.291
91.933,-13.303
91.95,-13.316
91.967,-13.329
91.983,-13.341
92,-13.354
92.017,-13.366
92.033,-13.379
92.05,-13.391
92.067,-13.404
92.083,-13.416
92.1,-13.429
92.117,-13.441
92.133,-13.454
92.15,-13.466
92.167,-13.479
92.183,-13.491
92.2,-13.504
92.217,-13.516
92.233,-13.529
92.25,-13.541
92.267,-13.554
92.283,-13.566
92.3,-13.579
92.317,-13.591
92.333,-13.604
92.35,-13.616
92.367,-13.629
92.383,-13.641
92.4,-13.654
92.417,-13.666
92.433,-13.678
92.45,-13.691
92.467,-13.703
92.483,-13.716
92.5,-13.728
92.517,-13.741
92.533,-13.753
92.55,-13.765
92.567,-13.778
92.583,-13.79
92.6,-13.803
92.617,-13.815
92.633,-13.827
92.65,-13.84
